Area,Area_for_EOL_pathsG,Cumulative_Active_Area,EOL_BS_Year0,EOL_BS_Year1,EOL_BS_Year10,EOL_BS_Year11,EOL_BS_Year12,EOL_BS_Year13,EOL_BS_Year14,EOL_BS_Year15,EOL_BS_Year16,EOL_BS_Year17,EOL_BS_Year18,EOL_BS_Year19,EOL_BS_Year2,EOL_BS_Year20,EOL_BS_Year21,EOL_BS_Year22,EOL_BS_Year23,EOL_BS_Year24,EOL_BS_Year25,EOL_BS_Year26,EOL_BS_Year27,EOL_BS_Year28,EOL_BS_Year29,EOL_BS_Year3,EOL_BS_Year30,EOL_BS_Year31,EOL_BS_Year32,EOL_BS_Year33,EOL_BS_Year34,EOL_BS_Year35,EOL_BS_Year36,EOL_BS_Year37,EOL_BS_Year38,EOL_BS_Year39,EOL_BS_Year4,EOL_BS_Year40,EOL_BS_Year41,EOL_BS_Year42,EOL_BS_Year43,EOL_BS_Year44,EOL_BS_Year45,EOL_BS_Year46,EOL_BS_Year47,EOL_BS_Year48,EOL_BS_Year49,EOL_BS_Year5,EOL_BS_Year50,EOL_BS_Year51,EOL_BS_Year52,EOL_BS_Year53,EOL_BS_Year54,EOL_BS_Year55,EOL_BS_Year6,EOL_BS_Year7,EOL_BS_Year8,EOL_BS_Year9,EOL_BadStatus,EOL_L0_Year_0,EOL_L0_Year_1,EOL_L0_Year_10,EOL_L0_Year_11,EOL_L0_Year_12,EOL_L0_Year_13,EOL_L0_Year_14,EOL_L0_Year_15,EOL_L0_Year_16,EOL_L0_Year_17,EOL_L0_Year_18,EOL_L0_Year_19,EOL_L0_Year_2,EOL_L0_Year_20,EOL_L0_Year_21,EOL_L0_Year_22,EOL_L0_Year_23,EOL_L0_Year_24,EOL_L0_Year_25,EOL_L0_Year_26,EOL_L0_Year_27,EOL_L0_Year_28,EOL_L0_Year_29,EOL_L0_Year_3,EOL_L0_Year_30,EOL_L0_Year_31,EOL_L0_Year_32,EOL_L0_Year_33,EOL_L0_Year_34,EOL_L0_Year_35,EOL_L0_Year_36,EOL_L0_Year_37,EOL_L0_Year_38,EOL_L0_Year_39,EOL_L0_Year_4,EOL_L0_Year_40,EOL_L0_Year_41,EOL_L0_Year_42,EOL_L0_Year_43,EOL_L0_Year_44,EOL_L0_Year_45,EOL_L0_Year_46,EOL_L0_Year_47,EOL_L0_Year_48,EOL_L0_Year_49,EOL_L0_Year_5,EOL_L0_Year_50,EOL_L0_Year_51,EOL_L0_Year_52,EOL_L0_Year_53,EOL_L0_Year_54,EOL_L0_Year_55,EOL_L0_Year_6,EOL_L0_Year_7,EOL_L0_Year_8,EOL_L0_Year_9,EOL_Landfill0,EOL_PATHS,EOL_PG,EOL_PG_Year_0,EOL_PG_Year_1,EOL_PG_Year_10,EOL_PG_Year_11,EOL_PG_Year_12,EOL_PG_Year_13,EOL_PG_Year_14,EOL_PG_Year_15,EOL_PG_Year_16,EOL_PG_Year_17,EOL_PG_Year_18,EOL_PG_Year_19,EOL_PG_Year_2,EOL_PG_Year_20,EOL_PG_Year_21,EOL_PG_Year_22,EOL_PG_Year_23,EOL_PG_Year_24,EOL_PG_Year_25,EOL_PG_Year_26,EOL_PG_Year_27,EOL_PG_Year_28,EOL_PG_Year_29,EOL_PG_Year_3,EOL_PG_Year_30,EOL_PG_Year_31,EOL_PG_Year_32,EOL_PG_Year_33,EOL_PG_Year_34,EOL_PG_Year_35,EOL_PG_Year_36,EOL_PG_Year_37,EOL_PG_Year_38,EOL_PG_Year_39,EOL_PG_Year_4,EOL_PG_Year_40,EOL_PG_Year_41,EOL_PG_Year_42,EOL_PG_Year_43,EOL_PG_Year_44,EOL_PG_Year_45,EOL_PG_Year_46,EOL_PG_Year_47,EOL_PG_Year_48,EOL_PG_Year_49,EOL_PG_Year_5,EOL_PG_Year_50,EOL_PG_Year_51,EOL_PG_Year_52,EOL_PG_Year_53,EOL_PG_Year_54,EOL_PG_Year_55,EOL_PG_Year_6,EOL_PG_Year_7,EOL_PG_Year_8,EOL_PG_Year_9,Installed_Capacity_[W],Landfill_0,ModuleTotal_MFG,P2_stored,P3_reMFG,P4_recycled,PB1_landfill,PB2_stored,PB3_reMFG,PB3_reMFG_unyield,PB3_reMFG_yield,PB4_recycled,PG1_landfill,PG2_stored,PG3_reMFG,PG3_reMFG_unyield,PG3_reMFG_yield,PG4_recycled,Power_for_EOL_pathsG,Repaired_Area,Repaired_[W],Resold_Area,Resold_[W],Status_BAD_Area,Status_BAD_[W],WeibullParams,Yearly_Sum_Area_disposed,Yearly_Sum_Area_disposedby_Failure,Yearly_Sum_Area_disposedby_ProjectLifetime,Yearly_Sum_Power_disposed,Yearly_Sum_Power_disposedby_Failure,Yearly_Sum_Power_disposedby_ProjectLifetime,irradiance_stc,landfilled_noncollected
100000.0,0.0,100000.0,0.0,0.0502241033711881,452.38256202082215,0.0,0.0,0.0,0.0,0.0,0.0,0.0,0.0,0.0,1.0210444605007751,0.0,0.0,0.0,0.0,0.0,0.0,0.0,0.0,0.0,0.0,5.344322843172099,0.0,0.0,0.0,0.0,0.0,0.0,0.0,0.0,0.0,0.0,16.418516668136316,0.0,0.0,0.0,0.0,0.0,0.0,0.0,0.0,0.0,0.0,38.242075483601035,0.0,0.0,0.0,0.0,0.0,0.0,75.17822030679078,131.65179567898033,211.6931097295621,318.26942958118553,0.0,0.0,0.28460325243673257,80478.7438131533,0.0,0.0,0.0,0.0,0.0,0.0,0.0,0.0,0.0,5.785918609504392,0.0,0.0,0.0,0.0,0.0,0.0,0.0,0.0,0.0,0.0,30.284496111308563,0.0,0.0,0.0,0.0,0.0,0.0,0.0,0.0,0.0,0.0,93.03826111943913,0.0,0.0,0.0,0.0,0.0,0.0,0.0,0.0,0.0,0.0,216.70509440707252,0.0,0.0,0.0,0.0,0.0,0.0,426.0099150718144,746.0268421808886,1199.5942884675187,1803.5267676267183,0.0,0.0,0.0,0,0,13749.748699123878,0.0,0,0,0,0,0,0.0,0.0,0.0,0,0,0,0,0,0,0.0,0.0,0.0,0.0,0.0,0,0.0,0.0,0,0.0,0.0,0.0,0,0.0,0,0.0,0,0.0,0,0.0,0,0,0.0,0,0,0.0,0.0,0,0,0.0,0,0,0.0,0,0,0,0,0,12500000.0,0.0,102040.8163265306,0.0,0.0,0.0,0.0,0.0,0.0,0.0,0.0,0.0,0.0,0.0,0.0,0.0,0.0,0.0,0.0,0.0,0.0,0.0,0.0,0,0,"{'alpha': 4.414845594612703, 'beta': 17.384986860788157}",0.0,0.0,0.0,0.0,0.0,0.0,1000.0,0
76123.35958267716,0.0,176123.02475532136,0.0,0.0,242.27738232182134,344.368804376438,0.0,0.0,0.0,0.0,0.0,0.0,0.0,0.0,0.038232274806425,0.0,0.0,0.0,0.0,0.0,0.0,0.0,0.0,0.0,0.0,0.7772533461660112,0.0,0.0,0.0,0.0,0.0,0.0,0.0,0.0,0.0,0.0,4.068278095167053,0.0,0.0,0.0,0.0,0.0,0.0,0.0,0.0,0.0,0.0,12.498326481427195,0.0,0.0,0.0,0.0,0.0,0.0,29.111152632260442,57.22818697199556,100.21776982176164,161.14790713118592,0.0502241033711881,0.0,0.0,1372.905166490321,61263.12354050824,0.0,0.0,0.0,0.0,0.0,0.0,0.0,0.0,0.21664955723640833,0.0,0.0,0.0,0.0,0.0,0.0,0.0,0.0,0.0,0.0,4.404435628274063,0.0,0.0,0.0,0.0,0.0,0.0,0.0,0.0,0.0,0.0,23.053575872613305,0.0,0.0,0.0,0.0,0.0,0.0,0.0,0.0,0.0,0.0,70.82385006142077,0.0,0.0,0.0,0.0,0.0,0.0,164.96319824947585,324.2930595079749,567.9006956566493,913.1714737433869,0.28460325243673257,0.0502241033711881,0.0,0,0,0.0,10466.770643948546,0,0,0,0,0,0.0,0.0,0.0,0,0,0,0,0,0,0.0,0.0,0.0,0.0,0.0,0,0.0,0.0,0,0.0,0.0,0.0,0,0.0,0,0.0,0,0.0,0,0.0,0,0,0.0,0,0,0.0,0.0,0,0,0.0,0,0,0.0,0,0,0,0,0,22073875.12748117,0.0,77676.89753334405,0.0,0.0,0.02008964134847524,0.03013446202271286,0.0,0.0,0.0,0.0,0.02008964134847524,0.0,0.0,0.0,0.0,0.0,0.0,0.0,0.0,0.0,0.0,0.0,0,0,"{'alpha': 4.414845594612703, 'beta': 17.384986860788157}",0.33482735580792067,0.33482735580792067,0.0,41.539518829920155,41.539518829920155,0.0,1000.0,0
90232.91925465838,0.0,266348.8821650777,0.0,0.0,23.17541466789045,44.62263000189146,79.73617343762776,133.97497496710704,213.5244155052553,324.5675315003486,471.89537711629663,656.6625491491299,0.0,0.0,0.0,0.0,0.0,0.0,0.0,0.0,0.0,0.0,0.0,0.0,0.0,8.647692855202125e-05,0.0,0.0,0.0,0.0,0.0,0.0,0.0,0.0,0.0,0.0,0.006651050849150489,0.0,0.0,0.0,0.0,0.0,0.0,0.0,0.0,0.0,0.0,0.07936474353451196,0.0,0.0,0.0,0.0,0.0,0.0,0.43881719184833606,1.6082540948881785,4.573525039182511,10.954107137692015,1.0592767353072001,0.0,0.0,131.32734978471257,252.86157001071828,451.83831614655725,759.1915248136065,1209.9716878631134,1839.2160118353086,2674.0738036590146,69279.42320318204,0.0,0.0,0.0,0.0,0.0,0.0,0.0,0.0,0.0,0.0,0.0,0.0,0.0,0.0004900359284614538,0.0,0.0,0.0,0.0,0.0,0.0,0.0,0.0,0.0,0.0,0.0376892881451861,0.0,0.0,0.0,0.0,0.0,0.0,0.0,0.0,0.0,0.0,0.44973354669556787,0.0,0.0,0.0,0.0,0.0,0.0,2.486630753807238,9.113439871033012,25.916641888700894,62.07327378025476,6.002568166740801,1.0592767353072001,0.0,0,0,0.0,0.0,0,0,0,0,0,11569.11801611829,0.0,0.0,0,0,0,0,0,0,0.0,0.0,0.0,0.0,0.0,0,0.0,0.0,0,0.0,0.0,0.0,0,0.0,0,0.0,0,0.0,0,0.0,0,0,0.0,0,0,0.0,0.0,0,0,0.0,0,0,0.0,0,0,0,0,0,33529450.781617887,0.0,92074.40740271262,0.0,0.0,0.42371069412288004,0.63556604118432,0.0,0.0,0.0,0.0,0.42371069412288004,0.0,0.0,0.0,0.0,0.0,0.0,0.0,0.0,0.0,0.0,0.0,0,0,"{'alpha': 6.283760582394805, 'beta': 20.141170059152234}",7.0618449020480005,7.0618449020480005,0.0,870.2824071778913,870.2824071778913,0.0,1000.0,0
90206.73813169985,0.0,356514.80921233573,0.0,0.0,10.950928798475665,23.168690310681942,44.60968272530479,79.71303795028835,133.9361020665963,213.46246129804172,324.4733580820357,471.75845645592244,656.4720182089414,0.0,0.0,0.0,0.0,0.0,0.0,0.0,0.0,0.0,0.0,0.0,0.0,0.0,0.0,0.0,0.0,0.0,0.0,0.0,0.0,0.0,0.0,0.0,8.645183723148992e-05,0.0,0.0,0.0,0.0,0.0,0.0,0.0,0.0,0.0,0.0,0.006649121043692311,0.0,0.0,0.0,0.0,0.0,0.0,0.07934171581772953,0.4386898688386075,1.6077874592240038,4.572198028792136,6.121662666266663,0.0,0.0,62.05526319136211,131.28924509386434,252.7882021100605,451.70721505163397,758.9712450440458,1209.6206140222364,1838.6823624648691,2673.297919916894,69259.32174672512,0.0,0.0,0.0,0.0,0.0,0.0,0.0,0.0,0.0,0.0,0.0,0.0,0.0,0.0,0.0,0.0,0.0,0.0,0.0,0.0,0.0,0.0,0.0,0.0004898937443117762,0.0,0.0,0.0,0.0,0.0,0.0,0.0,0.0,0.0,0.0,0.0376783525809231,0.0,0.0,0.0,0.0,0.0,0.0,0.4496030563004674,2.4859092567521093,9.110795602269356,25.909122163155438,34.68942177551109,6.121662666266663,0.0,0,0,0.0,0.0,0,0,0,0,0,0.0,11565.761231213137,0.0,0,0,0,0,0,0,0.0,0.0,0.0,0.0,0.0,0,0.0,0.0,0,0.0,0.0,0.0,0,0.0,0,0.0,0,0.0,0,0.0,0,0,0.0,0,0,0.0,0.0,0,0,0.0,0,0,0.0,0,0,0,0,0,45053977.440676324,0.0,92047.6919711223,0.0,0.0,2.448665066506665,3.6729975997599977,0.0,0.0,0.0,0.0,2.448665066506665,0.0,0.0,0.0,0.0,0.0,0.0,0.0,0.0,0.0,0.0,0.0,0,0,"{'alpha': 6.283760582394805, 'beta': 20.141170059152234}",40.81108444177776,40.81108444177776,0.0,5002.460079429685,5002.460079429685,0.0,1000.0,0
127527.69388217523,0.0,483905.87954607105,0.0,0.0,6.463839427750972,15.48162281955672,32.754201147123204,63.06590927240777,112.69246746624412,189.34907278415747,301.77762752055474,458.7167204959163,666.9376286880341,928.0721630587805,0.0,0.0,0.0,0.0,0.0,0.0,0.0,0.0,0.0,0.0,0.0,0.0,0.0,0.0,0.0,0.0,0.0,0.0,0.0,0.0,0.0,0.0,0.0,0.0,0.0,0.0,0.0,0.0,0.0,0.0,0.0,0.0,0.0,0.00012221928940510878,0.0,0.0,0.0,0.0,0.0,0.0,0.009400041400538598,0.11216751937219487,0.6201876762330428,2.272972409535182,20.49353226598975,0.0,0.0,36.62842342392218,87.72919597748808,185.60713983369817,357.3734858769774,638.5906489753834,1072.9780791102257,1710.073222616477,2599.394749476859,3779.3132292321934,97913.76747608602,0.0,0.0,0.0,0.0,0.0,0.0,0.0,0.0,0.0,0.0,0.0,0.0,0.0,0.0,0.0,0.0,0.0,0.0,0.0,0.0,0.0,0.0,0.0,0.0,0.0,0.0,0.0,0.0,0.0,0.0,0.0,0.0,0.0,0.0006925759732956164,0.0,0.0,0.0,0.0,0.0,0.0,0.053266901269718725,0.6356159431091043,3.5143968319872427,12.880176987366033,116.13001617394194,20.49353226598975,0.0,0,0,0.0,0.0,0,0,0,0,0,0.0,0.0,16350.827979779926,0,0,0,0,0,0,0.0,0.0,0.0,0.0,0.0,0,0.0,0.0,0,0.0,0.0,0.0,0,0.0,0,0.0,0,0.0,0,0.0,0,0,0.0,0,0,0.0,0.0,0,0,0.0,0,0,0.0,0,0,0,0,0,61584089.79594608,0.0,130130.29987977062,0.0,0.0,8.197412906395902,12.29611935959385,0.0,0.0,0.0,0.0,8.197412906395902,0.0,0.0,0.0,0.0,0.0,0.0,0.0,0.0,0.0,0.0,0.0,0,0,"{'alpha': 6.283760582394805, 'beta': 20.141170059152234}",136.6235484399317,136.6235484399317,0.0,16649.483925174067,16649.483925174067,0.0,1000.0,0
155936.413338301,0.0,639503.4492973795,0.0,0.0,2.779311335209307,7.903757263025873,18.930388072166807,40.050694034839374,77.11479284604646,137.7964162291299,231.52943788173826,369.003150835416,560.9027965214312,815.5080561093707,0.0,1134.8142510928983,1509.1925368895168,1911.473630641335,2292.824190594497,2584.5004481640713,2710.164097519783,0.0,0.0,0.0,0.0,0.0,0.0,0.0,0.0,0.0,0.0,0.0,0.0,0.0,0.0,0.0,0.0,0.0,0.0,0.0,0.0,0.0,0.0,0.0,0.0,0.0,0.0,0.0,0.0,0.0,0.0,0.0,0.0,0.0,0.0001494454816080722,0.011494042561342099,0.137154528020515,0.7583438458296583,50.826538048895834,0.0,0.0,15.749430899519407,44.78795782381328,107.27219907561191,226.9539328640898,436.9838261275966,780.8463586317362,1312.000147996517,2091.0178547340242,3178.4491802881103,4621.212317953101,0.0,6430.614089526424,8552.091042373928,10831.683906967566,12992.670413368814,14645.502539596404,66272.9756687779,0.0,0.0,0.0,0.0,0.0,0.0,0.0,0.0,0.0,0.0,0.0,0.0,0.0,0.0,0.0,0.0,0.0,0.0,0.0,0.0,0.0,0.0,0.0,0.0,0.0,0.0,0.0,0.0,0.0,0.0,0.0,0.0,0.0,0.000846857729112409,0.06513290784760524,0.7772089921162518,4.297281793034731,288.0170489437431,50.826538048895834,0.0,0,0,0.0,0.0,0,0,0,0,0,0.0,0.0,0.0,0,0,0,0,0,0,8985.066902852788,0.0,0.0,0.0,0.0,0,0.0,0.0,0,0.0,0.0,0.0,0,0.0,0,0.0,0,0.0,0,0.0,0,0,0.0,0,0,0.0,0.0,0,0,0.0,0,0,0.0,0,0,0,0,0,82007844.2208358,0.0,159118.78912071532,0.0,0.0,20.330615219558336,30.495922829337502,0.0,0.0,0.0,0.0,20.330615219558336,0.0,0.0,0.0,0.0,0.0,0.0,0.0,0.0,0.0,0.0,0.0,0,0,"{'alpha': 6.283760582394805, 'beta': 20.141170059152234}",338.84358699263896,338.84358699263896,0.0,41031.57164068747,41031.57164068747,0.0,1000.0,0
205772.0588235294,0.0,844576.7275786847,0.0,0.0,1.0007026012197886,3.667550146333401,10.429715354077524,24.980341951865164,52.85047662973225,101.75987346365014,181.83470851325274,305.52382276371026,486.9326954124762,740.1614592076883,0.0,1076.1358947556507,1497.4890074139726,1991.5146746586367,2522.360595216699,3025.586802458146,3410.4797389131086,3576.3041752563013,0.0,0.0,0.0,0.0,0.0,0.0,0.0,0.0,0.0,0.0,0.0,0.0,0.0,0.0,0.0,0.0,0.0,0.0,0.0,0.0,0.0,0.0,0.0,0.0,0.0,0.0,0.0,0.0,0.0,0.0,0.0,0.0,0.0,0.0001972066932542028,0.015167418253499806,0.1809876795519371,104.81708133359943,0.0,0.0,5.670648073578803,20.782784162555938,59.10172033977265,141.55527106056925,299.4860342351494,576.6392829606841,1030.396681575099,1731.3016623276915,2759.285274004032,4194.248268843567,0.0,6098.103403615354,8485.771042012511,11285.24982306561,14293.376706227962,17144.99188059616,19326.05185384095,87453.1249999999,0.0,0.0,0.0,0.0,0.0,0.0,0.0,0.0,0.0,0.0,0.0,0.0,0.0,0.0,0.0,0.0,0.0,0.0,0.0,0.0,0.0,0.0,0.0,0.0,0.0,0.0,0.0,0.0,0.0,0.0,0.0,0.0,0.0,0.0011175045951071492,0.08594870343649891,1.02559685079431,593.9634608903968,104.81708133359943,0.0,0,0,0.0,0.0,0,0,0,0,0,0.0,0.0,0.0,0,0,0,0,0,0,0.0,11856.600236508386,0.0,0.0,0.0,0,0.0,0.0,0,0.0,0.0,0.0,0,0.0,0,0.0,0,0.0,0,0.0,0,0,0.0,0,0,0.0,0.0,0,0,0.0,0,0,0.0,0,0,0,0,0,109293725.33377992,0.0,209971.48859543816,0.0,0.0,41.92683253343977,62.890248800159654,0.0,0.0,0.0,0.0,41.92683253343977,0.0,0.0,0.0,0.0,0.0,0.0,0.0,0.0,0.0,0.0,0.0,0,0,"{'alpha': 6.283760582394805, 'beta': 20.141170059152234}",698.7805422239962,698.7805422239962,0.0,84060.05539961155,84060.05539961155,0.0,1000.0,0
309541.7004549865,0.0,1152844.7561311158,0.0,0.0,0.27225870417107717,1.5053510501003047,5.517074161043297,15.689359597317097,37.57778179377966,79.50266182569386,153.0767804439186,273.5328848665482,459.5976935279258,732.4899960026682,0.0,1113.4205392330641,1618.8249108640525,2252.663925402525,2995.823837305182,3794.372240176806,4551.372470400577,5130.364655853497,5379.813382255568,0.0,0.0,0.0,0.0,0.0,0.0,0.0,0.0,0.0,0.0,0.0,0.0,0.0,0.0,0.0,0.0,0.0,0.0,0.0,0.0,0.0,0.0,0.0,0.0,0.0,0.0,0.0,0.0,0.0,0.0,0.0,0.0,0.0,0.00029665687129739064,0.02281625826432893,191.0507853833295,0.0,0.0,1.5427993236361042,8.53032261723506,31.263420245912016,88.90637105146355,212.94076349808472,450.5150836789319,867.4350891822055,1550.01968091044,2604.3869299915796,4150.776644015121,0.0,6309.383055654031,9173.341161562965,12765.095577280974,16976.3350780627,21501.442694335234,25791.11066560327,29072.06638316982,131555.22269336917,0.0,0.0,0.0,0.0,0.0,0.0,0.0,0.0,0.0,0.0,0.0,0.0,0.0,0.0,0.0,0.0,0.0,0.0,0.0,0.0,0.0,0.0,0.0,0.0,0.0,0.0,0.0,0.0,0.0,0.0,0.0,0.0,0.0,0.0016810556040185469,0.12929213016453062,1082.6211171722005,191.0507853833295,0.0,0,0,0.0,0.0,0,0,0,0,0,0.0,0.0,0.0,0,0,0,0,0,0,0.0,0.0,17835.814151868402,0.0,0.0,0,0.0,0.0,0,0.0,0.0,0.0,0,0.0,0,0.0,0,0.0,0,0.0,0,0,0.0,0,0,0.0,0.0,0,0,0.0,0,0,0.0,0,0,0,0,0,150797823.39858398,0.0,315858.87801529234,0.0,0.0,76.42031415333182,114.63047122999767,0.0,0.0,0.0,0.0,76.42031415333182,0.0,0.0,0.0,0.0,0.0,0.0,0.0,0.0,0.0,0.0,0.0,0,0,"{'alpha': 6.283760582394805, 'beta': 20.141170059152234}",1273.67190255553,1273.67190255553,0.0,152198.99519258898,152198.99519258898,0.0,1000.0,0
431544.9439587624,0.0,1582263.9334343506,0.0,0.0,0.03180909350680625,0.37956716998418905,2.098672436052824,7.691582284855965,21.87318800090932,52.388746700218654,110.83796364661603,213.4106989170107,381.3435582252957,640.7442377087004,0.0,1021.1947334097338,1552.2658288030586,2256.871059411479,3140.532361283984,4176.602467712401,5289.891970416115,6345.257439587185,7152.454498518432,7500.221330895255,0.0,0.0,0.0,0.0,0.0,0.0,0.0,0.0,0.0,0.0,0.0,0.0,0.0,0.0,0.0,0.0,0.0,0.0,0.0,0.0,0.0,0.0,0.0,0.0,0.0,0.0,0.0,0.0,0.0,0.0,0.0,0.0,0.0,0.00041358166835305275,318.86499832910863,0.0,0.0,0.18025152987190213,2.1508806299104046,11.89247713763267,43.58563294751714,123.94806533848615,296.8695646345724,628.0817939974909,1209.3272938630607,2160.9468299433424,3630.884013682636,0.0,5786.770155988492,8796.173029884,12788.936003331713,17796.35004727591,23667.41398370361,29976.054499024656,35956.45882432738,40530.575491604446,183406.60118247382,0.0,0.0,0.0,0.0,0.0,0.0,0.0,0.0,0.0,0.0,0.0,0.0,0.0,0.0,0.0,0.0,0.0,0.0,0.0,0.0,0.0,0.0,0.0,0.0,0.0,0.0,0.0,0.0,0.0,0.0,0.0,0.0,0.0,0.0023436294540006325,1806.9016571982822,318.86499832910863,0.0,0,0,0.0,0.0,0,0,0,0,0,0.0,0.0,0.0,0,0,0,0,0,0,0.0,0.0,0.0,24865.649466011884,0.0,0,0.0,0.0,0,0.0,0.0,0.0,0,0.0,0,0.0,0,0.0,0,0.0,0,0,0.0,0,0,0.0,0.0,0,0,0.0,0,0,0.0,0,0,0,0,0,209159477.5929595,0.0,440351.98363139015,0.0,0.0,127.54599933164344,191.31899899746517,0.0,0.0,0.0,0.0,127.54599933164344,0.0,0.0,0.0,0.0,0.0,0.0,0.0,0.0,0.0,0.0,0.0,0,0,"{'alpha': 6.283760582394805, 'beta': 20.141170059152234}",2125.766655527391,2125.766655527391,0.0,252362.1301351277,252362.1301351277,0.0,1000.0,0
678415.2743010941,0.0,2257358.013231087,0.0,0.0,0.0006501758968781989,0.05000585732444878,0.596703007057175,3.2992425384758417,12.091641852461665,34.38600091418124,82.35834172191261,174.24411654670925,335.49478419658425,599.4955989591921,0.0,1007.2894697696461,1605.381119346863,2440.2576435613914,3547.940533811811,4937.110614220362,6565.876737627811,8316.036515714428,9975.136139701704,11244.099713058291,11790.810627605097,0.0,0.0,0.0,0.0,0.0,0.0,0.0,0.0,0.0,0.0,0.0,0.0,0.0,0.0,0.0,0.0,0.0,0.0,0.0,0.0,0.0,0.0,0.0,0.0,0.0,0.0,0.0,0.0,0.0,0.0,0.0,0.0,0.0,498.17917565370504,0.0,0.0,0.003684330082309794,0.2833665248385431,3.381317039990659,18.69570771802977,68.51930383061611,194.85400518036036,466.6972697575048,987.3833270980191,1901.1371104473108,3397.1417274354217,0.0,5707.973662027995,9097.15967629889,13828.126646847884,20104.996358266926,27976.960147248716,37206.634846557594,47124.20692238176,56525.77145830967,63716.56504066365,288326.4915779646,0.0,0.0,0.0,0.0,0.0,0.0,0.0,0.0,0.0,0.0,0.0,0.0,0.0,0.0,0.0,0.0,0.0,0.0,0.0,0.0,0.0,0.0,0.0,0.0,0.0,0.0,0.0,0.0,0.0,0.0,0.0,0.0,0.0,2823.0153287043286,498.17917565370504,0.0,0,0,0.0,0.0,0,0,0,0,0,0.0,0.0,0.0,0,0,0,0,0,0,0.0,0.0,0.0,0.0,39090.3349449769,0,0.0,0.0,0,0.0,0.0,0.0,0,0.0,0,0.0,0,0.0,0,0.0,0,0,0.0,0,0,0.0,0.0,0,0,0.0,0,0,0.0,0,0,0,0,0,301950967.9042877,0.0,692260.4839807083,0.0,0.0,199.27167026148203,298.907505392223,0.0,0.0,0.0,0.0,199.27167026148203,0.0,0.0,0.0,0.0,0.0,0.0,0.0,0.0,0.0,0.0,0.0,0,0,"{'alpha': 6.283760582394805, 'beta': 20.141170059152234}",3321.1945043580345,3321.1945043580345,0.0,391813.606724608,391813.606724608,0.0,1000.0,0
685513.0590784295,13749.748699123878,2846277.181921045,0.0,0.0,0.0,0.019117234641780754,0.6545029482215375,4.738121323905236,18.321540069268483,50.95803797222987,115.82721504896858,229.7144014136958,412.7465155577159,687.7099440897858,0.0,1078.699628752308,1608.7879822717182,2296.3941787663794,3150.138863135279,4162.266732312911,5301.288935060759,6505.3634876409815,7678.972811243208,8696.29288451168,9414.58453152861,0.0,9699.108691202782,0.0,0.0,0.0,0.0,0.0,0.0,0.0,0.0,0.0,0.0,0.0,0.0,0.0,0.0,0.0,0.0,0.0,0.0,0.0,0.0,0.0,0.0,0.0,0.0,0.0,0.0,0.0,0.0,0.0,0.0,0.0,739.3348591467645,0.0,0.0,0.0,0.10833099630342427,3.708850039922046,26.84935416879634,103.82206039252141,288.76221517596923,656.354218610822,1301.7149413442762,2338.8969214937233,3897.0230165087864,0.0,6112.631229596413,9116.46523287307,13012.900346342816,17850.786891099913,23586.17814977316,30040.63729867764,36863.726429965565,43514.179263711514,49278.993012232866,53349.312345328784,0.0,291343.05010833207,0.0,0.0,0.0,0.0,0.0,0.0,0.0,0.0,0.0,0.0,0.0,0.0,0.0,0.0,0.0,0.0,0.0,0.0,0.0,0.0,0.0,0.0,0.0,0.0,0.0,0.0,0.0,0.0,0.0,0.0,0.0,82104.80683020031,14489.083558270644,13749.748699123878,0,0,0.0,0.0,0,0,0,0,0,0.0,0.0,0.0,0,0,0,0,0,0,0.0,0.0,0.0,0.0,0.0,0,41714.37073967934,0.0,0,0.0,0.0,0.0,0,0.0,0,0.0,0,0.0,0,0.0,0,0,0.0,0,0,0.0,0.0,0,0,0.0,0,0,0.0,0,0,0,0,0,385062192.6431028,77915.24262836864,699503.1215086015,0.0,0.0,5795.633423308258,443.60091548805866,0.0,0.0,0.0,0.0,295.7339436587058,8249.849219474327,0.0,0.0,0.0,0.0,5499.899479649552,1594079.321425873,0.0,0.0,0.0,0.0,0,0,"{'alpha': 5.138994202457038, 'beta': 20.404571130392625}",96593.89038847096,4928.899060978429,91664.99132749252,11205316.221902667,578120.7457301762,10627195.476172488,1000.0,0
691100.5821416029,10466.770643948546,3464658.179128125,0.0,0.0,0.0,0.0,0.007189916279513285,0.2922496582273155,2.3533410071501955,9.81731199035756,28.948873429311707,69.00452054507132,142.47499593749342,265.1784948418926,0.0,456.1076337824427,736.866444925933,1130.4612894732545,1659.1474262469749,2341.0147082161575,3185.078250241594,4184.902108001425,5311.310644809452,6505.575648543711,7675.5184191353055,0.0,8697.896719673055,9430.587390245217,0.0,0.0,0.0,0.0,0.0,0.0,0.0,0.0,0.0,0.0,0.0,0.0,0.0,0.0,0.0,0.0,0.0,0.0,0.0,0.0,0.0,0.0,0.0,0.0,0.0,0.0,0.0,0.0,0.0,0.0,441.1670962299781,0.0,0.0,0.0,0.0,0.04074285891724195,1.6560813966214547,13.335599040517776,55.631434612026176,164.04361609943302,391.0256164220708,807.3583103124627,1502.6781374373913,0.0,2584.6099247671755,4175.576521246954,6405.947307015109,9401.835415399524,13265.750013224893,18048.776751369034,23714.445278674746,30097.426987253562,36864.928675081035,43494.60437510007,0.0,49288.08141148064,347157.74262157024,0.0,0.0,0.0,0.0,0.0,0.0,0.0,0.0,0.0,0.0,0.0,0.0,0.0,0.0,0.0,0.0,0.0,0.0,0.0,0.0,0.0,0.0,0.0,0.0,0.0,0.0,0.0,0.0,0.0,0.0,61811.647194344965,10907.937740178526,10466.770643948546,0,0,0.0,0.0,0,0,0,0,0,0.0,0.0,0.0,0,0,0,0,0,0,0.0,0.0,0.0,0.0,0.0,0,0.0,51832.54366062012,0,0.0,0.0,0.0,0,0.0,0,0.0,0,0.0,0,0.0,0,0,0.0,0,0,0.0,0.0,0,0,0.0,0,0,0.0,0,0,0,0,0,471818195.020867,59311.700315708425,705204.6756546969,0.0,0.0,4363.17509607141,264.7002577379869,0.0,0.0,0.0,0.0,176.46683849199124,6280.062386369128,0.0,0.0,0.0,0.0,4186.708257579418,2826961.5230501043,0.0,0.0,0.0,0.0,0,0,"{'alpha': 5.3801481546698415, 'beta': 21.409943759167778}",72719.58493452349,2941.1139748665205,69778.47095965697,19196298.263585128,349888.10991776147,18846410.153667364,1000.0,0
2262088.942851648,0.0,5725444.89329174,0.0,0.0,0.0,0.0,0.0,0.023533810470128657,0.9565824968336213,7.7028826318410895,32.13372043920882,94.75455264345354,225.8634516673035,466.34472791834753,0.0,867.9740063378798,1492.9173289541393,2411.8883423018533,3700.190752719273,5430.669781587673,7662.536573328786,10425.299121673337,13697.891493726043,17384.81690239986,21293.84798932263,0.0,25123.26829877074,28469.68517182735,30867.90549931689,31869.278666025857,0.0,0.0,0.0,0.0,0.0,0.0,0.0,0.0,0.0,0.0,0.0,0.0,0.0,0.0,0.0,0.0,0.0,0.0,0.0,0.0,0.0,0.0,0.0,0.0,0.0,0.0,0.0,0.0,195.33430320495444,0.0,0.0,0.0,0.0,0.0,0.13335825933072906,5.420634148723854,43.649668247099505,182.09108248885002,536.9424649795701,1279.8928927813865,2642.620124870636,0.0,4918.519369247986,8459.864864073455,13667.367273043834,20967.747598742546,30773.795428996815,43421.04058219646,59076.69502281558,77621.38513111425,98513.96244693254,120665.13860616156,0.0,142365.18702636755,161328.21597368832,174918.1311627957,961387.8007119489,0.0,0.0,0.0,0.0,0.0,0.0,0.0,0.0,0.0,0.0,0.0,0.0,0.0,0.0,0.0,0.0,0.0,0.0,0.0,0.0,0.0,0.0,0.0,0.0,0.0,0.0,0.0,0.0,1106.894384828075,195.33430320495444,0.0,0,0,0.0,0.0,0,0,0,0,0,0.0,0.0,0.0,0,0,0,0,0,0,0.0,0.0,0.0,0.0,0.0,0,0.0,0.0,0,137787.39204784748,0.0,0.0,0,0.0,0,0.0,0,0.0,0,0.0,0,0,0.0,0,0,0.0,0.0,0,0,0.0,0,0,0.0,0,0,0,0,0,792352286.9791148,0.0,2308254.0233180085,0.0,0.0,78.13372128198176,117.20058192297265,0.0,0.0,0.0,0.0,78.13372128198176,0.0,0.0,0.0,0.0,0.0,0.0,2826961.5230501043,0.0,0.0,0.0,0.0,0,0,"{'alpha': 5.3801481546698415, 'beta': 21.409943759167778}",1302.2286880330296,1302.2286880330296,0.0,19006430.13276303,160019.97909566647,18846410.153667364,1000.0,0
2176222.888108771,0.0,7899177.654417913,0.0,0.0,0.0,0.0,0.0,0.0,0.008358814492443276,0.4030730667421099,3.6077892219250836,16.23139622721166,50.73269726940165,126.78945748482857,0.0,272.45386386075484,525.0466598810025,931.6280971311879,1548.7376218088477,2440.9075802335633,3677.242396193222,5325.159146115684,7440.30495849682,10051.868644846329,13143.23093783862,0.0,16629.425655666753,20335.38947424758,23982.271614841065,27192.220447747877,29523.05673716411,0.0,0.0,0.0,0.0,0.0,0.0,0.0,0.0,0.0,0.0,0.0,0.0,0.0,0.0,0.0,0.0,0.0,0.0,0.0,0.0,0.0,0.0,0.0,0.0,0.0,0.0,0.0,373.5190473897593,0.0,0.0,0.0,0.0,0.0,0.0,0.04736661545717856,2.2840807115386226,20.44413892424214,91.97791195419943,287.48528452660935,718.4735924140286,0.0,1543.9052285442774,2975.2644059923473,5279.225883743398,8776.179856916804,13831.809621323528,20837.70691176159,30175.901827988877,42161.728098148655,56960.58898746253,74478.30864775219,0.0,94233.41204877828,115233.87368740296,135899.53915076604,154089.24920390465,1092192.048956823,0.0,0.0,0.0,0.0,0.0,0.0,0.0,0.0,0.0,0.0,0.0,0.0,0.0,0.0,0.0,0.0,0.0,0.0,0.0,0.0,0.0,0.0,0.0,0.0,0.0,0.0,0.0,2116.607935208636,373.5190473897593,0.0,0,0,0.0,0.0,0,0,0,0,0,0.0,0.0,0.0,0,0,0,0,0,0,0.0,0.0,0.0,0.0,0.0,0,0.0,0.0,0,0.0,163216.71660815759,0.0,0,0.0,0,0.0,0,0.0,0,0.0,0,0,0.0,0,0,0.0,0.0,0,0,0.0,0,0,0.0,0,0,0,0,0,1100689060.0390468,0.0,2220635.6001109905,0.0,0.0,149.40761895590373,224.11142843385556,0.0,0.0,0.0,0.0,149.40761895590373,0.0,0.0,0.0,0.0,0.0,0.0,2826961.5230501043,0.0,0.0,0.0,0.0,0,0,"{'alpha': 5.621212329370306, 'beta': 22.414861412027708}",2490.126982598396,2490.126982598396,0.0,19152103.64139215,305693.4877247856,18846410.153667364,1000.0,0
2958234.172643562,0.0,10852856.489137817,0.0,0.0,0.0,0.0,0.0,0.0,0.0,0.0005394262228126597,0.04327901805222094,0.5299995604992649,2.9856096725822385,11.101749822405496,0.0,31.948551847671585,77.31189425094355,165.12331446494537,320.93871031966813,579.3899122412882,985.4719227378728,1595.4269768492525,2476.8334432736633,3707.297088290722,5370.8837811439535,0.0,7551.168208007421,10319.602439820701,13718.019690369782,17734.780866861594,22275.732063499312,27134.12245995083,0.0,0.0,0.0,0.0,0.0,0.0,0.0,0.0,0.0,0.0,0.0,0.0,0.0,0.0,0.0,0.0,0.0,0.0,0.0,0.0,0.0,0.0,0.0,0.0,0.0,0.0,683.3006885487698,0.0,0.0,0.0,0.0,0.0,0.0,0.0,0.0030567485959384047,0.24524776896258532,3.003330842829168,16.918454811299352,62.90991566029781,0.0,181.04179380347233,438.1007340886801,935.6987819680238,1818.6526918114528,3283.209502700634,5584.340895514612,9040.752868812431,14035.389511884092,21008.016833647427,30435.008093149074,0.0,42789.95317870872,58477.74715898398,77735.44491209544,100497.09157888238,126229.14835982944,2021926.3698453153,0.0,0.0,0.0,0.0,0.0,0.0,0.0,0.0,0.0,0.0,0.0,0.0,0.0,0.0,0.0,0.0,0.0,0.0,0.0,0.0,0.0,0.0,0.0,0.0,0.0,0.0,3872.037235109696,683.3006885487698,0.0,0,0,0.0,0.0,0,0,0,0,0,0.0,0.0,0.0,0,0,0,0,0,0,0.0,0.0,0.0,0.0,0.0,0,0.0,0.0,0,0.0,0.0,329676.4133951048,0,0.0,0,0.0,0,0.0,0,0.0,0,0,0.0,0,0,0.0,0.0,0,0,0.0,0,0,0.0,0,0,0,0,0,1523119457.4963531,0.0,3018606.2986158794,0.0,0.0,273.32027541950794,409.9804131292618,0.0,0.0,0.0,0.0,273.32027541950794,0.0,0.0,0.0,0.0,0.0,0.0,2826961.5230501043,0.0,0.0,0.0,0.0,0,0,"{'alpha': 6.3439689293221635, 'beta': 25.42739846225235}",4555.337923658465,4555.337923658465,0.0,19405648.64606824,559238.4924008811,18846410.153667364,1000.0,0
4896900.9360544225,0.0,15741743.461126886,0.0,0.0,0.0,0.0,0.0,0.0,0.0,0.0,0.0003174868406443973,0.030157168049952884,0.4095317194072213,2.4851627054725234,0.0,9.788712032445947,29.51986905881749,74.30405505102736,164.18769872662693,328.8284653368702,609.8124017275558,1062.9751041148604,1760.5049879250848,2792.4451437219846,4266.96736336723,0.0,6308.456318592243,9052.024890245031,12632.644316315025,17166.76706813939,22724.44038058645,29290.93183374844,36719.4554382343,44681.31970382759,0.0,0.0,0.0,0.0,0.0,0.0,0.0,0.0,0.0,0.0,0.0,0.0,0.0,0.0,0.0,0.0,0.0,0.0,0.0,0.0,0.0,0.0,0.0,0.0,1202.0946098028148,0.0,0.0,0.0,0.0,0.0,0.0,0.0,0.0,0.0017990920969849181,0.170890618949733,2.320679743307587,14.082588664344298,0.0,55.46936818386037,167.2792579999658,421.05631195582174,930.396959450886,1863.361303575598,3455.6036097894826,6023.52558998421,9976.194931575481,15823.855814424578,24179.48172574764,0.0,35747.91913868938,51294.80771138851,71584.98445911848,97278.34671945655,128771.82882332322,165981.94705790782,208076.91414999435,3340716.2467555753,0.0,0.0,0.0,0.0,0.0,0.0,0.0,0.0,0.0,0.0,0.0,0.0,0.0,0.0,0.0,0.0,0.0,0.0,0.0,0.0,0.0,0.0,0.0,0.0,6811.869455549285,1202.0946098028148,0.0,0,0,0.0,0.0,0,0,0,0,0,0.0,0.0,0.0,0,0,0,0,0,0,0.0,0.0,0.0,0.0,0.0,0,0.0,0.0,0,0.0,0.0,0.0,0,544856.8414883328,0,0.0,0,0.0,0,0.0,0,0,0.0,0,0,0.0,0.0,0,0,0.0,0,0,0.0,0,0,0,0,0,2230555924.7521667,0.0,4996837.689851452,0.0,0.0,480.8378439211261,721.2567658816889,0.0,0.0,0.0,0.0,480.8378439211261,0.0,0.0,0.0,0.0,0.0,0.0,2826961.5230501043,0.0,0.0,0.0,0.0,0,0,"{'alpha': 6.584769167950776, 'beta': 26.43097278108207}",8013.964065352101,8013.964065352101,0.0,19830984.566630915,984574.4129635487,18846410.153667364,1000.0,0
11797199.19205298,0.0,27525353.687916063,0.0,0.0,0.0,0.0,0.0,0.0,0.0,0.0,0.0,0.0007648624198951759,0.07265209633588475,0.9866091498276626,0.0,5.987043610635708,23.582136373266266,71.11676955645916,179.00703928075097,395.5471045986614,792.1857019884452,1469.1084150786783,2560.8296355572625,4241.259582818776,6727.3224481262305,0.0,10279.616555239394,15197.798925612336,21807.372073915147,30433.497280833704,41356.72198212609,54745.798046246455,70565.2333743138,88461.40358673345,107642.45297038161,126784.15708201773,0.0,0.0,0.0,0.0,0.0,0.0,0.0,0.0,0.0,0.0,0.0,0.0,0.0,0.0,0.0,0.0,0.0,0.0,0.0,0.0,0.0,0.0,2038.3447895706324,0.0,0.0,0.0,0.0,0.0,0.0,0.0,0.0,0.0,0.004334220379405997,0.4116952125700136,5.590785182356755,0.0,33.926580460269015,133.63210611517553,402.9950274866019,1014.3732225909222,2241.433592725748,4489.052311267856,8324.947685445844,14511.36793482449,24033.80430263973,38121.493872715306,0.0,58251.160479689905,86120.8605784699,123575.1084188525,172456.484591391,234354.75789871448,310226.1889287299,399869.6557877782,501281.2869914895,609973.9001654958,7438196.8759535365,0.0,0.0,0.0,0.0,0.0,0.0,0.0,0.0,0.0,0.0,0.0,0.0,0.0,0.0,0.0,0.0,0.0,0.0,0.0,0.0,0.0,0.0,11550.620474233585,2038.3447895706324,0.0,0,0,0.0,0.0,0,0,0,0,0,0.0,0.0,0.0,0,0,0,0,0,0,0.0,0.0,0.0,0.0,0.0,0,0.0,0.0,0,0.0,0.0,0.0,0,0.0,0,1185838.8210274298,0,0.0,0,0.0,0,0,0.0,0,0,0.0,0.0,0,0,0.0,0,0,0.0,0,0,0,0,0,3993532481.10812,0.0,12037958.359237736,0.0,0.0,815.337915828253,1223.0068737423794,0.0,0.0,0.0,0.0,815.337915828253,0.0,0.0,0.0,0.0,0.0,0.0,2826961.5230501043,0.0,0.0,0.0,0.0,0,0,"{'alpha': 6.584769167950776, 'beta': 26.43097278108207}",13588.965263804217,13588.965263804217,0.0,20517762.362073906,1671352.2084065403,18846410.153667364,1000.0,0
19897157.66883117,11569.11801611829,47323163.11535677,0.0,0.0,0.0,0.0,0.0,0.0,0.0,0.0,0.0,0.0,0.0012900170553931016,0.12253503498864363,0.0,1.6640151185085046,10.09774852078737,39.77363422860904,119.94555264575087,301.9132953861682,667.1297972955236,1336.1005064724015,2477.7984411010234,4319.095591436842,7153.308955792981,0.0,11346.302902947013,17337.602599141297,25632.609615153775,36780.316533932,51329.140413142006,69752.25259387848,92334.26999909752,119015.331650279,149199.01462349045,181549.7749715209,0.0,213834.17557873472,0.0,0.0,0.0,0.0,0.0,0.0,0.0,0.0,0.0,0.0,0.0,0.0,0.0,0.0,0.0,0.0,0.0,0.0,0.0,0.0,3333.1181924507646,0.0,0.0,0.0,0.0,0.0,0.0,0.0,0.0,0.0,0.0,0.0073100966472275765,0.6943651982689806,0.0,9.429419004881526,57.220574951128434,225.38392729545123,679.6914649925882,1710.8420071882865,3780.4021846746346,7571.236203343609,14040.857832905798,24474.87501814211,40535.41741616023,0.0,64295.71645003308,98246.41472846735,145251.4544858714,208421.79369228132,290865.12900780473,395262.76469864475,523227.52999488596,674420.2126849144,845461.0828664459,1028782.0581719518,0.0,12545263.804001236,0.0,0.0,0.0,0.0,0.0,0.0,0.0,0.0,0.0,0.0,0.0,0.0,0.0,0.0,0.0,0.0,0.0,0.0,0.0,0.0,84446.00518189132,14902.236208569055,11569.11801611829,0,0,0.0,0.0,0,0,0,0,0,0.0,0.0,0.0,0,0,0,0,0,0,0.0,0.0,0.0,0.0,0.0,0,0.0,0.0,0,0.0,0.0,0.0,0,0.0,0,0.0,0,2000035.907480307,0,0.0,0,0,0.0,0,0,0.0,0.0,0,0,0.0,0,0,0.0,0,0,0,0,0,7016133968.765873,65558.33542467031,20303222.111052215,0.0,0.0,5960.894483427622,1999.8709154704584,0.0,0.0,0.0,0.0,1333.247276980306,6941.470809670974,0.0,0.0,0.0,0.0,4627.6472064473155,4157948.6217599204,0.0,0.0,0.0,0.0,0,0,"{'alpha': 6.584769167950776, 'beta': 26.43097278108207}",99348.24139046035,22220.78794967177,77127.4534407886,30455709.88760388,2736052.4092044057,27719657.47839947,1000.0,0
25234056.95625,11565.761231213137,72450895.21060723,0.0,0.0,0.0,0.0,0.0,0.0,0.0,0.0,0.0,0.0,0.0,6.993113841579943e-05,0.0,0.011003062080839144,0.20318922856881713,1.5390526408621052,7.199733316225211,24.973419659247092,70.71596847990796,172.97009409570924,378.81004716554963,760.9534590986667,1426.137446055695,0.0,2524.6708597915426,4260.915289441426,6904.16425871312,10798.91387478804,16372.761391139695,24139.035142405828,34689.67622843718,48671.87178903516,66739.70134134302,89470.22352458682,0.0,117233.29269753896,150008.18399203438,187151.04560904068,0.0,0.0,0.0,0.0,0.0,0.0,0.0,0.0,0.0,0.0,0.0,0.0,0.0,0.0,0.0,0.0,0.0,0.0,4382.9679187179845,0.0,0.0,0.0,0.0,0.0,0.0,0.0,0.0,0.0,0.0,0.0,0.00039627645102286346,0.0,0.06235068512475515,1.1514056285566305,8.721298298218597,40.79848879194286,141.51604473573352,400.7238213861451,980.1638665423524,2146.590267271448,4312.069601559111,8081.445527648939,0.0,14306.46820548541,24145.18664016808,39123.597466041014,61193.845290465564,92778.98121645828,136787.86580696635,196574.831961144,275807.27347119927,378191.6409342771,506997.933305992,0.0,664321.9919527208,850046.3759548614,18192559.1775379,0.0,0.0,0.0,0.0,0.0,0.0,0.0,0.0,0.0,0.0,0.0,0.0,0.0,0.0,0.0,0.0,0.0,0.0,90376.13184960971,15948.729149931121,11565.761231213137,0,0,0.0,0.0,0,0,0,0,0,0.0,0.0,0.0,0,0,0,0,0,0,0.0,0.0,0.0,0.0,0.0,0,0.0,0.0,0,0.0,0.0,0.0,0,0.0,0,0.0,0,0.0,0,3023300.573956471,0,0,0.0,0,0,0.0,0.0,0,0,0.0,0,0,0.0,0,0,0,0,0,10988313594.99138,65539.31364354111,25749037.710459184,0.0,0.0,6379.491659972449,2629.78075123079,0.0,0.0,0.0,0.0,1753.1871674871936,6939.456738727882,0.0,0.0,0.0,0.0,4626.304492485255,5507144.888314759,0.0,0.0,0.0,0.0,0,0,"{'alpha': 7.306896350337972, 'beta': 29.440296739309392}",106324.86099954082,29219.78612478656,77105.07487475425,40368139.48714768,3653840.231715959,36714299.25543173,1000.0,0
22835579.662576687,16350.827979779926,95137354.75157188,0.0,0.0,0.0,0.0,0.0,0.0,0.0,0.0,0.0,0.0,0.0,0.0,0.0,6.328423863659142e-05,0.00995722967237919,0.1838762519877526,1.3927668961926807,6.515404319528056,22.59971573593708,63.99447121954897,156.5294225107804,342.804449717738,688.6254305000681,0.0,1290.584201963701,2284.7028775639005,3855.9186379038106,6247.928868778613,9772.485592965619,14816.543280850725,21844.63881205663,31392.44974983173,44045.6486046706,60396.14514935692,0.0,80966.14905270738,106090.3603071941,135750.02392709287,169362.48572115772,205549.51648668267,241938.8201212938,0.0,0.0,0.0,0.0,0.0,0.0,0.0,0.0,0.0,0.0,0.0,0.0,0.0,0.0,0.0,6017.190262025088,0.0,0.0,0.0,0.0,0.0,0.0,0.0,0.0,0.0,0.0,0.0,0.0,0.0,0.00035861068560735137,0.05642430147681542,1.041965427930598,7.892345745091857,36.920624477325646,128.0650558369768,362.6353369107775,887.0000608944223,1942.5585484005155,3902.210772833719,0.0,7313.310477794305,12946.64963952877,21850.20561478826,35404.930256412146,55377.41836013851,83960.41192482077,123786.28660165425,177890.54858237982,249592.00875980005,342244.8225130226,0.0,458808.17796534183,601178.7084074334,769250.1355868595,959720.7524198937,1164780.5934245351,14338869.371162344,0.0,0.0,0.0,0.0,0.0,0.0,0.0,0.0,0.0,0.0,0.0,0.0,0.0,0.0,0.0,126752.10337022843,22368.018241805017,16350.827979779926,0,0,0.0,0.0,0,0,0,0,0,0.0,0.0,0.0,0,0,0,0,0,0,0.0,0.0,0.0,0.0,0.0,0,0.0,0.0,0,0.0,0.0,0.0,0,0.0,0,0.0,0,0.0,0,0.0,0,0,2288449.892436767,0,0,0.0,0.0,0,0,0.0,0,0,0.0,0,0,0,0,0,14610144793.879213,92654.6918854196,23301611.900588453,0.0,0.0,8947.207296722005,3610.3141572150525,0.0,0.0,0.0,0.0,2406.876104810035,9810.496787867954,0.0,0.0,0.0,0.0,6540.331191911971,7440828.721027341,0.0,0.0,0.0,0.0,0,0,"{'alpha': 7.306896350337972, 'beta': 29.440296739309392}",149120.12161203343,40114.60174683391,109005.51986519952,54670233.405163474,5064708.598314542,49605524.806848936,1000.0,0
40201934.19411764,0.0,135285439.01628986,0.0,0.0,0.0,0.0,0.0,0.0,0.0,0.0,0.0,0.0,0.0,0.0,0.0,0.0,0.00011141161445367106,0.017529657576449514,0.323713305793023,2.4519597897593153,11.470339687982383,39.78669682341621,112.66197568752096,275.5693368070857,603.5056754696004,0.0,1212.3219401664137,2272.06762105281,4022.209030562055,6788.327234491991,10999.450372779525,17204.416464418147,26084.45709557457,38457.387331216814,55266.26508645747,77542.16415377805,0.0,106327.13899756782,142540.5373660123,186771.59707443995,238987.30005573624,298161.8862547368,361868.9894249828,425932.19306179957,484298.9452117181,529361.6234426952,0.0,0.0,0.0,0.0,0.0,0.0,0.0,0.0,0.0,0.0,0.0,0.0,8077.489409949959,0.0,0.0,0.0,0.0,0.0,0.0,0.0,0.0,0.0,0.0,0.0,0.0,0.0,0.0,0.000631332481904136,0.09933472626654724,1.8343753994937968,13.89443880863612,64.9985915652335,225.45794866602517,638.4178622292854,1561.5595752401523,3419.865494327736,0.0,6869.824327609677,12875.04985263259,22792.517839851647,38467.18766212128,62330.21877908398,97491.69329836952,147811.92354158923,217925.1948768953,313175.5021565923,439405.596871409,0.0,602520.454319551,807729.7117407364,1058372.3834218264,1354261.3669825054,1689584.0221101753,2050590.9400749027,2413615.760683531,2744360.6895330697,20085537.898675248,0.0,0.0,0.0,0.0,0.0,0.0,0.0,0.0,0.0,0.0,0.0,0.0,45772.43998971644,8077.489409949959,0.0,0,0,0.0,0.0,0,0,0,0,0,0.0,0.0,0.0,0,0,0,0,0,0,0.0,0.0,0.0,0.0,0.0,0,0.0,0.0,0,0.0,0.0,0.0,0,0.0,0,0.0,0,0.0,0,0.0,0,0,0.0,0,0,3015145.0645588185,0.0,0,0,0.0,0,0,0.0,0,0,0,0,0,21328044507.442833,0.0,41022381.830732286,0.0,0.0,3230.995763979984,4846.493645969975,0.0,0.0,0.0,0.0,3230.995763979984,0.0,0.0,0.0,0.0,0.0,0.0,7440828.721027341,0.0,0.0,0.0,0.0,0,0,"{'alpha': 7.306896350337972, 'beta': 29.440296739309392}",53849.9293996664,53849.9293996664,0.0,56458538.28913793,6853013.482288992,49605524.806848936,1000.0,0
73700948.28571428,0.0,208904470.65716797,0.0,0.0,0.0,0.0,0.0,0.0,0.0,0.0,0.0,0.0,0.0,0.0,0.0,0.0,0.0,0.00020424742739068023,0.03213657283925468,0.5934534765031306,4.4951011757574575,21.028214913282984,72.93970660424213,206.53967552455032,505.1926442912124,0.0,1106.3880748411418,2222.511886776713,4165.310490592287,7373.789985437124,12444.827953800417,20164.94826296497,31540.3184833705,47819.819170371346,70502.72509814755,101317.91483996724,0.0,142155.6237236012,194926.2175991106,261315.10793248215,342402.5259769142,438127.940742899,546610.8584110548,663403.0976478917,780848.1647298898,887850.1055080446,970462.1037736151,0.0,0.0,0.0,0.0,0.0,0.0,0.0,0.0,0.0,0.0,0.0,12287.496725423927,0.0,0.0,0.0,0.0,0.0,0.0,0.0,0.0,0.0,0.0,0.0,0.0,0.0,0.0,0.0,0.0011574020885471881,0.1821072460891099,3.362903033517741,25.472239995958926,119.15988450860358,413.3250040907055,1170.3914946391185,2862.758317650204,0.0,6269.532424099803,12594.23402506804,23603.426113356294,41784.80991747705,70520.69173820237,114268.04015680148,178728.47140576618,270978.975298771,399515.4422228361,574134.8507598144,0.0,805548.5344337401,1104581.8997282933,1480785.611617399,1940280.9805358474,2482724.997543094,3097461.530995977,3759284.22000472,4424806.26680271,5031150.59787892,36822188.27614565,0.0,0.0,0.0,0.0,0.0,0.0,0.0,0.0,0.0,0.0,0.0,69629.14811073558,12287.496725423927,0.0,0,0,0.0,0.0,0,0,0,0,0,0.0,0.0,0.0,0,0,0,0,0,0,0.0,0.0,0.0,0.0,0.0,0,0.0,0.0,0,0.0,0.0,0.0,0,0.0,0,0.0,0,0.0,0,0.0,0,0,0.0,0,0,0.0,5527571.121428559,0,0,0.0,0,0,0.0,0,0,0,0,0,34055362745.82615,0.0,75205049.27113703,0.0,0.0,4914.998690169571,7372.498035254356,0.0,0.0,0.0,0.0,4914.998690169571,0.0,0.0,0.0,0.0,0.0,0.0,7440828.721027341,0.0,0.0,0.0,0.0,0,0,"{'alpha': 7.306896350337972, 'beta': 29.440296739309392}",81916.64483615951,81916.64483615951,0.0,59992902.61771118,10387377.810862254,49605524.806848936,1000.0,0
55279696.129943505,0.0,264064332.04526186,0.0,0.0,0.0,0.0,0.0,0.0,0.0,0.0,0.0,0.0,0.0,0.0,0.0,0.0,0.0,0.0,0.00015319661393919985,0.024104167212678048,0.44512219464495717,3.371568926167932,15.772298153546936,54.70872370947895,154.91592397851628,0.0,378.92179833612846,829.8508771137009,1667.0040834470299,3124.2080809350873,5530.741180436012,9334.293841221317,15124.801490088888,23656.94420705735,35867.44993401079,52880.85581544653,0.0,75993.91425956062,106624.40396477868,146205.2026096756,196000.45992177565,256820.40774769476,328619.64457246906,409987.69835567573,497588.1925897431,585678.3430052449,665935.5840464315,0.0,727899.0494702997,760330.3685543253,0.0,0.0,0.0,0.0,0.0,0.0,0.0,0.0,17975.211277446935,0.0,0.0,0.0,0.0,0.0,0.0,0.0,0.0,0.0,0.0,0.0,0.0,0.0,0.0,0.0,0.0,0.0008681141456554659,0.13659028087184227,2.5223591029880907,19.10555724828495,89.37635620343264,310.01610102038075,877.8569025449256,0.0,2147.2235239047277,4702.488303644305,9446.356472866504,17703.845791965494,31340.866689137398,52894.3317669208,85707.20844383704,134056.01717332497,203248.88295939448,299658.182954197,0.0,430632.1808041769,604204.9558004126,828496.148121495,1110669.272890062,1455315.6439036038,1862177.9859106583,2323263.624015496,2819666.4246752113,3318843.943696387,3773634.976263112,0.0,4124761.2803316982,23493870.855225954,0.0,0.0,0.0,0.0,0.0,0.0,0.0,0.0,101859.5305721993,17975.211277446935,0.0,0,0,0.0,0.0,0,0,0,0,0,0.0,0.0,0.0,0,0,0,0,0,0,0.0,0.0,0.0,0.0,0.0,0,0.0,0.0,0,0.0,0.0,0.0,0,0.0,0,0.0,0,0.0,0,0.0,0,0,0.0,0,0,0.0,0.0,0,0,3385646.841191431,0,0,0.0,0,0,0,0,0,43569309850.7975,0.0,56407853.1938199,0.0,0.0,7190.084510978775,10785.126766468162,0.0,0.0,0.0,0.0,7190.084510978775,0.0,0.0,0.0,0.0,0.0,0.0,7440828.721027341,0.0,0.0,0.0,0.0,0,0,"{'alpha': 7.306896350337972, 'beta': 29.440296739309392}",119834.74184964622,119834.74184964622,0.0,64749414.24179883,15143889.434949897,49605524.806848936,1000.0,0
50828964.39130435,0.0,314724291.6119903,0.0,0.0,0.0,0.0,0.0,0.0,0.0,0.0,0.0,0.0,0.0,0.0,0.0,0.0,0.0,0.0,0.0,0.00014086230171164195,0.022163469460021262,0.4092840910015851,3.1001139457818003,14.502423807308505,50.303962648169055,0.0,142.44318501752338,348.4136842836832,763.0371300115917,1532.788657132125,2872.6688533813613,5085.444859484793,8582.762252493856,13907.059014183855,21752.253700545454,32979.655517954256,0.0,48623.261801344815,69875.41958941284,98039.7580267112,134433.7895744188,180219.8835287518,236143.03757536196,302161.5056094591,376978.3768638594,457525.8963657294,538523.6483824744,0.0,612319.1417122055,669293.7453747896,699113.923094472,692937.5463124949,646281.1060629049,0.0,0.0,0.0,0.0,0.0,25350.723686383008,0.0,0.0,0.0,0.0,0.0,0.0,0.0,0.0,0.0,0.0,0.0,0.0,0.0,0.0,0.0,0.0,0.0,0.0007982197096993045,0.12559299360678716,2.319276515675649,17.567312359430204,82.1804015747482,285.05578833962466,0.0,807.1780484326325,1974.3442109408716,4323.877070065686,8685.802390415376,16278.456835827714,28817.520870413828,48635.65276413185,78806.66774704185,123262.77096975759,186884.7146017408,0.0,275531.8168742873,395960.7110066727,555558.6288180302,761791.4742550399,1021246.0066629269,1338143.8795937179,1712248.5317869354,2136210.8022285365,2592646.7460724665,3051634.0075006885,0.0,3469808.4697024976,3792664.557123808,3961645.564202009,3926646.095770804,13714018.206331508,0.0,0.0,0.0,0.0,0.0,143654.10088950372,25350.723686383008,0.0,0,0,0.0,0.0,0,0,0,0,0,0.0,0.0,0.0,0,0,0,0,0,0,0.0,0.0,0.0,0.0,0.0,0,0.0,0.0,0,0.0,0.0,0.0,0,0.0,0,0.0,0,0.0,0,0.0,0,0,0.0,0,0,0.0,0.0,0,0,0.0,0,0,1773839.7538779492,0,0,0,0,0,52573775177.68835,0.0,51866290.19520852,0.0,0.0,10140.289474553203,15210.434211829805,0.0,0.0,0.0,0.0,10140.289474553203,0.0,0.0,0.0,0.0,0.0,0.0,7440828.721027341,0.0,0.0,0.0,0.0,0,0,"{'alpha': 7.306896350337972, 'beta': 29.440296739309392}",169004.8245758867,169004.8245758867,0.0,70899822.03502977,21294297.22818083,49605524.806848936,1000.0,0
57030116.354166664,0.0,371524186.1752575,0.0,0.0,0.0,0.0,0.0,0.0,0.0,0.0,0.0,0.0,0.0,0.0,0.0,0.0,0.0,0.0,0.0,0.0,0.0001580475532549901,0.024867420716784664,0.4592168975160731,3.478328963738579,16.27172473515384,0.0,56.441064209278416,159.82130489357755,390.92027925482677,856.1279346969159,1719.789425368396,3223.1354881461407,5705.870963972123,9629.862338560888,15603.725222834797,24406.036486544785,0.0,37003.18536946294,54555.317253801775,78400.24594642677,110000.64381705587,150834.76032166154,202206.77422925027,264952.57321144984,339025.31812365004,422969.8746179607,513344.2205099463,0.0,604223.7274457823,687022.2975407434,750947.8233707674,784406.0735126169,777476.1765386862,725127.6337743457,0.0,0.0,0.0,0.0,34533.26863491963,0.0,0.0,0.0,0.0,0.0,0.0,0.0,0.0,0.0,0.0,0.0,0.0,0.0,0.0,0.0,0.0,0.0,0.0,0.0008956028017782774,0.14091538406177978,2.602229085924414,19.710530794518615,92.20644016587177,0.0,319.83269718591106,905.654061063606,2215.214915777352,4851.39162994919,9745.473410420911,18264.43443282813,32333.268795842032,54569.2199185117,88421.10959606386,138300.87342375377,0.0,209684.71709362333,309146.7977715434,444268.0603630851,623336.9816299833,854730.3084894156,1145838.387299085,1501397.9148648826,1921143.4693673502,2396829.2895017774,2908950.5828896957,0.0,3423934.4555260995,3893126.352730879,4255370.999101015,4444967.74990483,4405698.333719222,4109056.591387959,0.0,0.0,0.0,0.0,195688.5222645446,34533.26863491963,0.0,0,0,0.0,0.0,0,0,0,0,0,0.0,0.0,0.0,0,0,0,0,0,0,0.0,0.0,0.0,0.0,0.0,0,0.0,0.0,0,0.0,0.0,0.0,0,0.0,0,0.0,0,0.0,0,0.0,0,0,0.0,0,0,0.0,0.0,0,0,0.0,0,0,0.0,0,0,0,0,0,63100312916.698456,0.0,58193996.279761896,0.0,0.0,13813.307453967853,20719.961180951774,0.0,0.0,0.0,0.0,13813.307453967853,0.0,0.0,0.0,0.0,0.0,0.0,7440828.721027341,0.0,0.0,0.0,0.0,0,0,"{'alpha': 7.306896350337972, 'beta': 29.440296739309392}",230221.79089946422,230221.79089946422,0.0,78546811.96408483,28941287.157235894,49605524.806848936,1000.0,0
74518950.0,8985.066902852788,445679780.5321568,0.0,0.0,0.0,0.0,0.0,0.0,0.0,0.0,0.0,0.0,0.0,0.0,0.0,0.0,0.0,0.0,0.0,0.0,0.0,9.270193887522815e-07,0.0003368915039686504,0.010307998918674954,0.11248818486421536,0.0,0.6992206929824218,3.058011531489675,10.526641586655936,30.47485725084198,77.40088851390183,177.45892821121205,374.7580469590312,739.7922726445522,1380.3715677647604,2455.415337652502,0.0,4191.926964818381,6905.359549157621,11023.358905008501,17112.449198891976,25906.487307845266,38334.47999317886,55543.40352619337,78908.71875649501,110021.08584978768,150632.26649422,0.0,202536.72609286092,267359.3436305214,346216.9547854955,439227.8908405458,544868.2024825023,659227.3271108413,0.0,0.0,0.0,0.0,45518.279562242395,0.0,0.0,0.0,0.0,0.0,0.0,0.0,0.0,0.0,0.0,0.0,0.0,0.0,0.0,0.0,0.0,0.0,0.0,0.0,5.253109869596262e-06,0.0019090518558223524,0.05841199387249141,0.637433047563887,0.0,3.962250593567057,17.328732011774825,59.65096899105031,172.69085775477123,438.60503491211045,1005.6005931968683,2123.6289327678437,4192.156211652463,7822.105550666975,13914.02024669751,0.0,23754.252800637492,39130.37077855985,62465.70046171485,96970.54546038788,146803.42807778984,217228.71996134685,314745.9533150958,447149.40628680505,623452.8198154635,853582.8434672467,0.0,1147708.1145262117,1515036.2805729548,1961896.0771178077,2488958.0480964263,3087586.4807341797,3735621.5202947673,0.0,0.0,0.0,0.0,308852.2966355394,54503.34646509518,8985.066902852788,0,0,0.0,0.0,0,0,0,0,0,0.0,0.0,0.0,0,0,0,0,0,0,0.0,0.0,0.0,0.0,0.0,0,0.0,0.0,0,0.0,0.0,0.0,0,0.0,0,0.0,0,0.0,0,0.0,0,0,0.0,0,0,0.0,0.0,0,0,0.0,0,0,0.0,0,0,0,0,0,77485838577.74542,50915.3791161658,76039744.89795919,0.0,0.0,21801.338586038073,27310.967737345436,0.0,0.0,0.0,0.0,18207.311824896962,5391.040141711673,0.0,0.0,0.0,0.0,3594.0267611411155,8478080.383924002,0.0,0.0,0.0,0.0,0,0,"{'alpha': 8.509762505705414, 'beta': 34.45235178497939}",363355.6431006346,303455.19708161603,59900.446019018586,94617516.88464767,38096980.991821006,56520535.89282667,1000.0,0
78734736.84210527,11856.600236508386,523964980.8203469,0.0,0.0,0.0,0.0,0.0,0.0,0.0,0.0,0.0,0.0,0.0,0.0,0.0,0.0,0.0,0.0,0.0,0.0,0.0,0.0,9.794639836033674e-07,0.00035595058584846876,0.010891156977259854,0.0,0.11885201862251259,0.7387779518703023,3.231013496459127,11.122168994014498,32.198922098952906,81.77971628004943,187.49837474886365,395.95936613144244,781.6448018187564,1458.4638153420397,0.0,2594.326415604873,4429.078327543535,7296.018890537829,11646.987276416563,18080.55782319336,27372.104151850464,40503.19005087816,58685.68008472605,83372.84953478721,116245.34754536537,0.0,159154.03883646082,213994.90773532048,282484.7580786779,365803.60868357704,464076.48523017723,575693.2234832984,0.0,0.0,0.0,0.0,55573.8828507749,0.0,0.0,0.0,0.0,0.0,0.0,0.0,0.0,0.0,0.0,0.0,0.0,0.0,0.0,0.0,0.0,0.0,0.0,0.0,0.0,5.55029590708575e-06,0.0020170533198079895,0.0617165562044725,0.0,0.673494772194238,4.186408393931713,18.309076479935054,63.02562429941548,182.46055856073315,463.41839225361343,1062.4907902435607,2243.7697414115073,4429.320543639619,8264.628286938225,0.0,14701.183021760948,25098.110522746698,41344.10704638103,65999.59456636052,102456.49433142904,155108.5901938193,229518.07695497625,332552.18714678095,472446.14736379415,658723.6360904038,0.0,901872.8867399448,1212637.8105001494,1600746.9624458416,2072887.1158736034,2629766.7496376713,3262261.5997386915,0.0,0.0,0.0,0.0,382106.0708279386,67430.48308728328,11856.600236508386,0,0,0.0,0.0,0,0,0,0,0,0.0,0.0,0.0,0,0,0,0,0,0,0.0,0.0,0.0,0.0,0.0,0,0.0,0.0,0,0.0,0.0,0.0,0,0.0,0,0.0,0,0.0,0,0.0,0,0,0.0,0,0,0.0,0.0,0,0,0.0,0,0,0.0,0,0,0,0,0,93304306120.1799,67187.40134021419,80341568.20622987,0.0,0.0,26972.193234913317,33344.32971046494,0.0,0.0,0.0,0.0,22229.55314030996,7113.960141905031,0.0,0.0,0.0,0.0,4742.640094603355,9865185.566221198,0.0,0.0,0.0,0.0,0,0,"{'alpha': 8.509762505705414, 'beta': 34.45235178497939}",449536.5539152218,370492.5523384992,79044.00157672257,112469204.1252425,46701300.35043457,65767903.774807975,1000.0,0
72166966.82464455,17835.814151868402,595568694.7269427,0.0,0.0,0.0,0.0,0.0,0.0,0.0,0.0,0.0,0.0,0.0,0.0,0.0,0.0,0.0,0.0,0.0,0.0,0.0,0.0,0.0,8.977606028250285e-07,0.0003262584616451279,0.0,0.009982655633130732,0.10893780850723625,0.6771517386324876,2.9614939118492125,10.194397454058633,29.513003232161637,74.95794497347003,171.85793123702788,362.92985263696,716.4427893450968,0.0,1336.8039825649992,2377.9169890758185,4059.620461659498,6687.41110142186,10675.437273255979,16572.34238572675,25088.8211668085,37124.55886600306,53790.33064210704,76418.18475267274,0.0,106548.57660411208,145877.97840427692,196144.21825207697,258920.89035128086,335289.5805715769,425364.8853982547,0.0,0.0,0.0,0.0,66652.12355544417,0.0,0.0,0.0,0.0,0.0,0.0,0.0,0.0,0.0,0.0,0.0,0.0,0.0,0.0,0.0,0.0,0.0,0.0,0.0,0.0,0.0,5.087310082675162e-06,0.0018487979493223916,0.0,0.05656838192107415,0.6173142482076721,3.837193185584096,16.781798833812203,57.768252239665586,167.24035164891598,424.7616881829969,973.8616103431581,2056.602498276107,4059.842472955549,0.0,7575.222567868328,13474.862938096307,23004.51594940382,37895.32957472387,60494.144548450546,93909.94018578493,142169.98661191482,210372.50024068402,304811.8736386065,433036.38026514556,0.0,603775.2674233018,826641.8776242359,1111483.9034284363,1467218.3786572583,1899974.2899056026,2410401.0172567763,0.0,0.0,0.0,0.0,478764.980341438,84487.93770731257,17835.814151868402,0,0,0.0,0.0,0,0,0,0,0,0.0,0.0,0.0,0,0,0,0,0,0,0.0,0.0,0.0,0.0,0.0,0,0.0,0.0,0,0.0,0.0,0.0,0,0.0,0,0.0,0,0.0,0,0.0,0,0,0.0,0,0,0.0,0.0,0,0,0.0,0,0,0.0,0,0,0,0,0,107761446650.1956,101069.61352725429,73639762.06596382,0.0,0.0,33795.17508292503,39991.2741332665,0.0,0.0,0.0,0.0,26660.849422177667,10701.488491121041,0.0,0.0,0.0,0.0,7134.325660747361,11970552.002642702,0.0,0.0,0.0,0.0,0,0,"{'alpha': 8.509762505705414, 'beta': 34.45235178497939}",563252.9180487505,444347.4903696278,118905.42767912269,136075077.8577639,56271397.84014589,79803680.017618,1000.0,0
69560941.35939793,24865.649466011884,664443188.1592805,0.0,0.0,0.0,0.0,0.0,0.0,0.0,0.0,0.0,0.0,0.0,0.0,0.0,0.0,0.0,0.0,0.0,0.0,0.0,0.0,0.0,0.0,8.653415183657628e-07,0.0,0.0003144769236824012,0.009622171384791194,0.10500394907556801,0.6526990734816827,2.85455123587109,9.82626698471695,28.447257485000016,72.25113433671332,165.6519596559228,349.8240719773919,0.0,690.5712828154909,1288.5305775170568,2292.0478927227496,3913.023275054337,6445.921616776831,10289.935947499172,15973.897582290154,24182.83731116731,35783.95179814702,51847.90493675653,0.0,73658.64331375809,102700.99486230504,140610.17038535353,189061.24317197085,249570.98327566104,323181.919356931,0.0,0.0,0.0,0.0,78101.5395929993,0.0,0.0,0.0,0.0,0.0,0.0,0.0,0.0,0.0,0.0,0.0,0.0,0.0,0.0,0.0,0.0,0.0,0.0,0.0,0.0,0.0,0.0,4.90360193740599e-06,0.0,0.00178203590086694,0.0545256378471501,0.5950223780948855,3.6986280830628684,16.175790336602844,55.68217958006272,161.20112574833342,409.4230945747088,938.6944380502293,1982.3364078718876,0.0,3913.2372692877816,7301.673272596656,12988.271392095583,22173.798558641243,36526.88916173537,58309.637035828644,90518.75296631087,137036.07809661477,202775.72685616644,293804.79464162036,0.0,417398.9787779625,581972.3042197287,796790.9655170033,1071347.0446411683,1414235.5718954126,1831364.2096892758,0.0,0.0,0.0,0.0,583480.7380010633,102967.18905901117,24865.649466011884,0,0,0.0,0.0,0,0,0,0,0,0.0,0.0,0.0,0,0,0,0,0,0,0.0,0.0,0.0,0.0,0.0,0,0.0,0.0,0,0.0,0.0,0.0,0,0.0,0,0.0,0,0.0,0,0.0,0,0,0.0,0,0,0.0,0.0,0,0,0.0,0,0,0.0,0,0,0,0,0,122113976583.79077,140905.34697406736,70980552.40754892,0.0,0.0,41186.87562360447,46860.923755799566,0.0,0.0,0.0,0.0,31240.615837199715,14919.38967960713,0.0,0.0,0.0,0.0,9946.259786404755,14931874.107925747,0.0,0.0,0.0,0.0,0,0,"{'alpha': 8.509762505705414, 'beta': 34.45235178497939}",686447.9270600744,520676.9306199952,165770.99644007924,165923741.54599425,66377914.159822606,99545827.38617164,1000.0,0
74910876.37493661,39090.3349449769,738491585.2907972,0.0,0.0,0.0,0.0,0.0,0.0,0.0,0.0,0.0,0.0,0.0,0.0,0.0,0.0,0.0,0.0,0.0,0.0,0.0,0.0,0.0,0.0,0.0,0.0,9.318949720573285e-07,0.0003386633575159344,0.010362213003133294,0.11307980735107313,0.702898187518795,3.074094895171679,10.582005604497237,30.635137291409286,77.80797221076185,178.39225905435944,0.0,376.729056518653,743.6831501142925,1387.6315200939277,2468.3293955163053,4213.974064775108,6941.677727765013,11081.335367307893,17202.450737840238,26042.7403771371,38536.09708223884,0.0,55835.52955313903,79323.73276424907,110599.73282943106,151424.50468538568,203601.95158045975,268765.49841872684,0.0,0.0,0.0,0.0,90281.55156800471,0.0,0.0,0.0,0.0,0.0,0.0,0.0,0.0,0.0,0.0,0.0,0.0,0.0,0.0,0.0,0.0,0.0,0.0,0.0,0.0,0.0,0.0,0.0,0.0,5.280738174991528e-06,0.0019190923592569617,0.058719207017755334,0.6407855749894145,3.9830897292731717,17.419871072639516,59.96469842548434,173.59911131798597,440.9118425276505,1010.8894679747035,0.0,2134.7979869390338,4214.204517314324,7863.245280532257,13987.19990792573,23879.186367058945,39336.17379066841,62794.233748078055,97480.55418109469,147575.52880377692,218371.21679935345,0.0,316401.3341344545,449501.1523307448,626731.819366776,858072.1932171856,1153744.392289272,1523004.4910394521,0.0,0.0,0.0,0.0,733107.3569068959,129371.88651298161,39090.3349449769,0,0,0.0,0.0,0,0,0,0,0,0.0,0.0,0.0,0,0,0,0,0,0,0.0,0.0,0.0,0.0,0.0,0,0.0,0.0,0,0.0,0.0,0.0,0,0.0,0,0.0,0,0.0,0,0.0,0,0,0.0,0,0,0.0,0.0,0,0,0.0,0,0,0.0,0,0,0,0,0,137769374070.29443,221511.89802153577,76439669.77034348,0.0,0.0,51748.75460519265,54168.93094080282,0.0,0.0,0.0,0.0,36112.62062720189,23454.20096698614,0.0,0.0,0.0,0.0,15636.133977990761,19628354.016198892,0.0,0.0,0.0,0.0,0,0,"{'alpha': 8.509762505705414, 'beta': 34.45235178497939}",862479.2434198776,601877.0104533649,260602.23296651267,208263346.434103,77407652.99277706,130855693.44132593,1000.0,0
80616878.19374317,41714.37073967934,818148048.7273078,0.0,0.0,0.0,0.0,0.0,0.0,0.0,0.0,0.0,0.0,0.0,0.0,0.0,0.0,0.0,0.0,0.0,0.0,0.0,0.0,0.0,0.0,0.0,0.0,0.0,1.0028779142255887e-06,0.0003644595279448735,0.011151508351205366,0.12169315720945764,0.7564383212150546,3.308250359796604,11.388042673449275,32.96863220647686,83.7346473804679,0.0,191.98049355225075,405.42471175212887,800.3298963882115,1493.3281606973526,2656.3433756189597,4534.954739966558,7470.429060775026,11925.406653354408,18512.770679990692,28026.42994465589,0.0,41471.412361964096,60088.55192588,85365.86423207379,119024.17407512711,162958.59080156113,219110.42194217298,0.0,0.0,0.0,0.0,102347.84284520119,0.0,0.0,0.0,0.0,0.0,0.0,0.0,0.0,0.0,0.0,0.0,0.0,0.0,0.0,0.0,0.0,0.0,0.0,0.0,0.0,0.0,0.0,0.0,0.0,0.0,5.682974847278335e-06,0.0020652706583542835,0.06319188065683042,0.68959455752026,4.286483820218643,18.746752038847426,64.53224181621256,186.82224917003555,474.49633515598487,0.0,1087.8894634627543,2297.40669992873,4535.202746199865,8462.192910618332,15052.612461840774,25698.076859810495,42332.43134439182,67577.30436900831,104905.70051994726,158816.43635305006,0.0,235004.6700511299,340501.7942466533,483739.8973150848,674470.3197590536,923432.0145421798,1241625.7243389802,0.0,0.0,0.0,0.0,816352.5436476565,144062.21358488052,41714.37073967934,0,0,0.0,0.0,0,0,0,0,0,0.0,0.0,0.0,0,0,0,0,0,0,0.0,0.0,0.0,0.0,0.0,0,0.0,0.0,0,0.0,0.0,0.0,0,0.0,0,0.0,0,0.0,0,0.0,0,0,0.0,0,0,0.0,0.0,0,0,0.0,0,0,0.0,0,0,0,0,0,154798675899.53394,236381.43419151628,82262120.60586038,0.0,0.0,57624.88543395221,61408.70570712071,0.0,0.0,0.0,0.0,40939.13713808048,25028.622443807602,0.0,0.0,0.0,0.0,16685.748295871737,24683954.5320819,0.0,0.0,0.0,0.0,0,0,"{'alpha': 8.509762505705414, 'beta': 34.45235178497939}",960414.7572325368,682318.9523013412,278095.8049311956,253396064.62433872,88836367.74379271,164559696.88054597,1000.0,0
86916517.09783605,51832.54366062012,903902182.9332638,0.0,0.0,0.0,0.0,0.0,0.0,0.0,0.0,0.0,0.0,0.0,0.0,0.0,0.0,0.0,0.0,0.0,0.0,0.0,0.0,0.0,0.0,0.0,0.0,0.0,0.0,1.0812457308176403e-06,0.0003929394625770613,0.012022919864806029,0.13120261682505074,0.8155486264469298,3.5667667292964023,12.277937671550292,35.54489765753436,0.0,90.27791789747776,206.98241142734125,437.10578579094687,862.8700178163705,1610.021195561566,2863.9178246253136,4889.329381459572,8054.190260612419,12857.292846219045,19959.412785356544,0.0,30216.497240463068,44712.109950070204,64784.047309528556,92036.60280998638,128325.07153395959,175692.6522210883,0.0,0.0,0.0,0.0,122524.8901213948,0.0,0.0,0.0,0.0,0.0,0.0,0.0,0.0,0.0,0.0,0.0,0.0,0.0,0.0,0.0,0.0,0.0,0.0,0.0,0.0,0.0,0.0,0.0,0.0,0.0,0.0,6.1270591412999616e-06,0.0022266569546033474,0.06812987923390083,0.7434814953419543,4.621442216532603,20.211678132679616,69.574980138785,201.42108672602802,0.0,511.5748680857073,1172.9003314216004,2476.932786148699,4889.596767626099,9123.45344151554,16228.867672876779,27706.19982827091,45640.4114768037,72857.99279524125,113103.33911702043,0.0,171226.8176959574,253368.62305039784,367109.60142066184,521540.7492565895,727175.4053591044,995591.6959195004,0.0,0.0,0.0,0.0,988025.4580980847,174357.43378201494,51832.54366062012,0,0,0.0,0.0,0,0,0,0,0,0.0,0.0,0.0,0,0,0,0,0,0,0.0,0.0,0.0,0.0,0.0,0,0.0,0.0,0,0.0,0.0,0.0,0,0.0,0,0.0,0,0.0,0,0.0,0,0,0.0,0,0,0.0,0.0,0,0,0.0,0,0,0.0,0,0,0,0,0,173312099511.84494,293717.7474101807,88690323.56922047,0.0,0.0,69742.97351280597,73514.93407283688,0.0,0.0,0.0,0.0,49009.95604855793,31099.52619637207,0.0,0.0,0.0,0.0,20733.01746424805,31020329.445853144,0.0,0.0,0.0,0.0,0,0,"{'alpha': 8.509762505705414, 'beta': 34.45235178497939}",1162382.8918800994,816832.600809299,345550.2910708008,314235143.2406905,107432946.93500306,206802196.3056876,1000.0,0
93834105.50458106,0.0,996733462.1894522,0.0,0.0,0.0,0.0,0.0,0.0,0.0,0.0,0.0,0.0,0.0,0.0,0.0,0.0,0.0,0.0,0.0,0.0,0.0,0.0,0.0,0.0,0.0,0.0,0.0,0.0,0.0,0.0,0.0,6.563137418856398e-08,2.406483720247346e-06,3.862250105820351e-05,0.0003673794302793189,0.0024388634274988036,0.0,0.012460602374398222,0.05218273523000639,0.18696604584036666,0.5908301914288732,1.6839883929235429,4.402846987286964,10.698616685982243,24.412161217762137,52.743722479307124,108.63155158789213,0.0,214.47865944297277,407.8277038131662,749.7862337142824,1337.2527822141549,2320.289832574447,3926.3253018743712,0.0,0.0,0.0,0.0,150423.93725892098,0.0,0.0,0.0,0.0,0.0,0.0,0.0,0.0,0.0,0.0,0.0,0.0,0.0,0.0,0.0,0.0,0.0,0.0,0.0,0.0,0.0,0.0,0.0,0.0,0.0,0.0,0.0,0.0,0.0,3.719111204018626e-07,1.3636741081401628e-05,0.0002188608393298199,0.002081816771582807,0.01382022608915989,0.0,0.07061008012158992,0.29570216630336954,1.0594742597620779,3.3480377514302817,9.54260089323341,24.949466261292798,60.62549455389937,138.33558023398544,298.88109404940707,615.5787923313889,0.0,1215.3790701768457,2311.023654941275,4248.788657714267,7577.765765880211,13148.3090512552,22249.17671062144,0.0,0.0,0.0,0.0,852402.3111338856,150423.93725892098,0.0,0,0,0.0,0.0,0,0,0,0,0,0.0,0.0,0.0,0,0,0,0,0,0,0.0,0.0,0.0,0.0,0.0,0,0.0,0.0,0,0.0,0.0,0.0,0,0.0,0,0.0,0,0.0,0,0.0,0,0,0.0,0,0,0.0,0.0,0,0,0.0,0,0,0.0,0,0,0,0,0,193487908861.12817,0.0,95749087.24957252,0.0,0.0,60169.57490356841,90254.3623553526,0.0,0.0,0.0,0.0,60169.57490356841,0.0,0.0,0.0,0.0,0.0,0.0,31020329.445853144,0.0,0.0,0.0,0.0,0,0,"{'alpha': 12.596192434998898, 'beta': 41.1809830745411}",1002826.248392807,1002826.248392807,0.0,339963762.53796774,133161566.23228006,206802196.3056876,1000.0,0
101406007.46547994,137787.39204784748,1095901258.4989913,0.0,0.0,0.0,0.0,0.0,0.0,0.0,0.0,0.0,0.0,0.0,0.0,0.0,0.0,0.0,0.0,0.0,0.0,0.0,0.0,0.0,0.0,0.0,0.0,0.0,0.0,0.0,0.0,0.0,0.0,7.09274691237964e-08,2.6006738678725347e-06,4.1739126830089326e-05,0.00039702495216677457,0.0,0.0026356664413895387,0.013466105214174113,0.05639359814694293,0.20205318885204132,0.6385069744171241,1.8198770972058702,4.758132792563258,11.561936863948231,26.382089852990916,56.99985401611464,0.0,117.39752696604172,231.7859207343155,440.73718138111764,810.2899047706339,1445.1618085688688,2507.5246022634533,0.0,0.0,0.0,0.0,197944.28134328566,0.0,0.0,0.0,0.0,0.0,0.0,0.0,0.0,0.0,0.0,0.0,0.0,0.0,0.0,0.0,0.0,0.0,0.0,0.0,0.0,0.0,0.0,0.0,0.0,0.0,0.0,0.0,0.0,0.0,0.0,4.0192232503484625e-07,1.4737151917944363e-05,0.00023652171870383953,0.0022498080622783893,0.0,0.014935443167874055,0.07630792954698665,0.31956372283267664,1.1449680701615674,3.618206188363703,10.312636884166599,26.9627524911918,65.51764222903998,149.4985091669485,322.999172757983,0.0,665.2526528075698,1313.453550827788,2497.510694493,4591.642793700259,8189.250248556923,14209.306079492904,0.0,0.0,0.0,0.0,1902479.4825497547,335731.6733911332,137787.39204784748,0,0,0.0,0.0,0,0,0,0,0,0.0,0.0,0.0,0,0,0,0,0,0,0.0,0.0,0.0,0.0,0.0,0,0.0,0.0,0,0.0,0.0,0.0,0,0.0,0,0.0,0,0.0,0,0.0,0,0,0.0,0,0,0.0,0.0,0,0,0.0,0,0,0.0,0,0,0,0,0,215300532957.81403,780795.221604469,103475517.82191831,0.0,0.0,134292.66935645323,118766.56880597139,0.0,0.0,0.0,0.0,79177.71253731428,82672.43522870848,0.0,0.0,0.0,0.0,55114.95681913899,47881879.84834251,0.0,0.0,0.0,0.0,0,0,"{'alpha': 12.596192434998898, 'beta': 41.1809830745411}",2238211.1559408875,1319628.5422885714,918582.6136523165,495271004.8854196,176058472.5631362,319212532.3222833,1000.0,0
109677445.53182617,163216.71660815759,1202976957.2419634,0.0,0.0,0.0,0.0,0.0,0.0,0.0,0.0,0.0,0.0,0.0,0.0,0.0,0.0,0.0,0.0,0.0,0.0,0.0,0.0,0.0,0.0,0.0,0.0,0.0,0.0,0.0,0.0,0.0,0.0,0.0,7.67128479462481e-08,2.8128044246957634e-06,4.514368451998733e-05,0.0,0.00042940929886102204,0.0028506512561789587,0.014564502222969278,0.06099348493934667,0.21853416941195877,0.6905884144207571,1.9683199860852552,5.146241955805245,12.50501555413045,28.53401189127923,0.0,61.649191605365104,126.97335385945712,250.6921269436229,476.68702686311144,876.3832549636926,1563.0400950155122,0.0,0.0,0.0,0.0,227045.30171995636,0.0,0.0,0.0,0.0,0.0,0.0,0.0,0.0,0.0,0.0,0.0,0.0,0.0,0.0,0.0,0.0,0.0,0.0,0.0,0.0,0.0,0.0,0.0,0.0,0.0,0.0,0.0,0.0,0.0,0.0,0.0,4.3470613836207257e-07,1.5939225073275993e-05,0.0002558142122799282,0.0,0.0024333193602124586,0.016153690451680768,0.08253217926349259,0.3456297479896312,1.238360293334433,3.91333434838429,11.153813254483113,29.162037749563055,70.86175480673921,161.69273405058232,0.0,349.34541909706894,719.515671870257,1420.5887193471965,2701.226485557632,4966.171778127591,8857.227205087902,0.0,0.0,0.0,0.0,2211484.770525979,390262.01832811395,163216.71660815759,0,0,0.0,0.0,0,0,0,0,0,0.0,0.0,0.0,0,0,0,0,0,0,0.0,0.0,0.0,0.0,0.0,0,0.0,0.0,0,0.0,0.0,0.0,0,0.0,0,0.0,0,0.0,0,0.0,0,0,0.0,0,0,0.0,0.0,0,0,0.0,0,0,0.0,0,0,0,0,0,239014327517.06732,924894.7274462264,111915760.7467614,0.0,0.0,156104.8073312456,136227.18103197383,0.0,0.0,0.0,0.0,90818.12068798256,97930.02996489455,0.0,0.0,0.0,0.0,65286.686643263034,68025626.39499515,0.0,0.0,0.0,0.0,0,0,"{'alpha': 12.596192434998898, 'beta': 41.1809830745411}",2601746.7888540938,1513635.3447997088,1088111.444054384,659201429.4201367,205697253.4535022,453504175.9666343,1000.0,0
118701083.20312577,329676.4133951048,1317645574.609629,0.0,0.0,0.0,0.0,0.0,0.0,0.0,0.0,0.0,0.0,0.0,0.0,0.0,0.0,0.0,0.0,0.0,0.0,0.0,0.0,0.0,0.0,0.0,0.0,0.0,0.0,0.0,0.0,0.0,0.0,0.0,0.0,8.30243456406357e-08,3.044226006823309e-06,0.0,4.885785063937981e-05,0.0004647386585741298,0.0030851866607761566,0.015762786795386452,0.06601168267119323,0.2365139204356065,0.7474061092668859,2.130262182035259,5.569645533020686,13.53385725341761,0.0,30.88162842599094,66.72133715979373,137.4200006935592,271.31765217916706,515.9061296801403,948.4870946878932,0.0,0.0,0.0,0.0,275193.4619239231,0.0,0.0,0.0,0.0,0.0,0.0,0.0,0.0,0.0,0.0,0.0,0.0,0.0,0.0,0.0,0.0,0.0,0.0,0.0,0.0,0.0,0.0,0.0,0.0,0.0,0.0,0.0,0.0,0.0,0.0,0.0,0.0,4.704712919636023e-07,1.7250614038665416e-05,0.0,0.0002768611536231522,0.0026335190652534025,0.01748272441106489,0.08932245850718991,0.3740662018034283,1.3402455491351035,4.235301285845686,12.071485698199801,31.561324687117217,76.69185776936646,0.0,174.9958944139487,378.08757723883116,778.7133372635021,1537.4666956819467,2923.4680681874624,5374.760203231395,0.0,0.0,0.0,0.0,3427595.960141158,604869.8753190279,329676.4133951048,0,0,0.0,0.0,0,0,0,0,0,0.0,0.0,0.0,0,0,0,0,0,0,0.0,0.0,0.0,0.0,0.0,0,0.0,0.0,0,0.0,0.0,0.0,0,0.0,0,0.0,0,0.0,0,0.0,0,0,0.0,0,0,0.0,0.0,0,0,0.0,0,0,0.0,0,0,0,0,0,264668329664.035,1868166.3425722606,121123554.28890386,0.0,0.0,241947.95012761117,165116.07715435387,0.0,0.0,0.0,0.0,110077.38476956924,197805.84803706288,0.0,0.0,0.0,0.0,131870.56535804193,109057375.12961808,0.0,0.0,0.0,0.0,0,0,"{'alpha': 12.596192434998898, 'beta': 41.1809830745411}",4032465.8354601874,1834623.0794928207,2197842.7559673656,979945808.6274964,252896641.09670964,727049167.5307871,1000.0,0
128536451.2774302,0.0,1443889546.8766,0.0,0.0,0.0,0.0,0.0,0.0,0.0,0.0,0.0,0.0,0.0,0.0,0.0,0.0,0.0,0.0,0.0,0.0,0.0,0.0,0.0,0.0,0.0,0.0,0.0,0.0,0.0,0.0,0.0,0.0,0.0,0.0,0.0,8.990360045844196e-08,0.0,3.2964653501428716e-06,5.290612830787741e-05,0.0005032461063757072,0.003340819933597619,0.01706886426179098,0.07148129742748277,0.25611105804723433,0.8093348970020768,2.3067720511089385,6.031136804898324,0.0,14.65524944260828,33.44042716739556,72.24975266930828,148.8063861512172,293.7985672831325,558.6532263389887,0.0,0.0,0.0,0.0,343871.85156887386,0.0,0.0,0.0,0.0,0.0,0.0,0.0,0.0,0.0,0.0,0.0,0.0,0.0,0.0,0.0,0.0,0.0,0.0,0.0,0.0,0.0,0.0,0.0,0.0,0.0,0.0,0.0,0.0,0.0,0.0,0.0,0.0,0.0,5.094537359311711e-07,0.0,1.8679970317476275e-05,0.00029980139374463866,0.0028517279361290077,0.018931312957053175,0.09672356415014889,0.40506068542240237,1.4512959956009948,4.586231083011769,13.071708289617318,34.17644189442384,0.0,83.04641350811359,189.49575394857487,409.4152651260802,843.2361881902308,1664.858547937751,3165.701615920936,0.0,0.0,0.0,0.0,1948607.1588902853,343871.85156887386,0.0,0,0,0.0,0.0,0,0,0,0,0,0.0,0.0,0.0,0,0,0,0,0,0,0.0,0.0,0.0,0.0,0.0,0,0.0,0.0,0,0.0,0.0,0.0,0,0.0,0,0.0,0,0.0,0,0.0,0,0,0.0,0,0,0.0,0.0,0,0,0.0,0,0,0.0,0,0,0,0,0,292874197919.87354,0.0,131159644.16064307,0.0,0.0,137548.74062754956,206323.11094132432,0.0,0.0,0.0,0.0,137548.74062754956,0.0,0.0,0.0,0.0,0.0,0.0,109057375.12961808,0.0,0.0,0.0,0.0,0,0,"{'alpha': 12.596192434998898, 'beta': 41.1809830745411}",2292479.01045916,2292479.01045916,0.0,1046459446.044412,319410278.5136249,727049167.5307871,1000.0,0
139249821.85830933,544856.8414883328,1576392863.7967644,0.0,0.0,0.0,0.0,0.0,0.0,0.0,0.0,0.0,0.0,0.0,0.0,0.0,0.0,0.0,0.0,0.0,0.0,0.0,0.0,0.0,0.0,0.0,0.0,0.0,0.0,0.0,0.0,0.0,0.0,0.0,0.0,0.0,0.0,0.0,9.739696579328925e-08,3.571222079087272e-06,5.7315795393974686e-05,0.0005451911109048167,0.0036192735678540044,0.018491535157197907,0.07743918424738389,0.2774576305366123,0.876792062572225,2.499038941812215,0.0,6.533825365012637,15.876748221153239,36.227649663945954,78.27168938088353,161.20923331087982,318.2863518466093,0.0,0.0,0.0,0.0,467118.899233441,0.0,0.0,0.0,0.0,0.0,0.0,0.0,0.0,0.0,0.0,0.0,0.0,0.0,0.0,0.0,0.0,0.0,0.0,0.0,0.0,0.0,0.0,0.0,0.0,0.0,0.0,0.0,0.0,0.0,0.0,0.0,0.0,0.0,0.0,0.0,5.519161394953058e-07,2.0236925114827877e-05,0.0003247895072325232,0.0030894162951272948,0.020509216884506028,0.10478536589078814,0.4388220440685087,1.5722599063741367,4.968488354575942,14.161220670269218,0.0,37.02501040173828,89.96823991986837,205.2900147623604,443.53957315834003,913.5189887616523,1803.6226604641197,0.0,0.0,0.0,0.0,5734529.1974233845,1011975.7407217739,544856.8414883328,0,0,0.0,0.0,0,0,0,0,0,0.0,0.0,0.0,0,0,0,0,0,0,0.0,0.0,0.0,0.0,0.0,0,0.0,0.0,0,0.0,0.0,0.0,0,0.0,0,0.0,0,0.0,0,0.0,0,0,0.0,0,0,0.0,0.0,0,0,0.0,0,0,0.0,0,0,0,0,0,323064206393.8859,3087522.101767219,142091654.9574585,0.0,0.0,404790.2962887095,280271.33954006457,0.0,0.0,0.0,0.0,186847.5596933764,326914.1048929997,0.0,0.0,0.0,0.0,217942.73659533315,176926317.71057323,0.0,0.0,0.0,0.0,0,0,"{'alpha': 12.596192434998898, 'beta': 41.1809830745411}",6746504.938145158,3114125.9948896063,3632378.943255552,1613612699.1087008,434103914.37154573,1179508784.7371547,1000.0,0
150914345.1811093,0.0,1723510989.7130876,0.0,0.0,0.0,0.0,0.0,0.0,0.0,0.0,0.0,0.0,0.0,0.0,0.0,0.0,0.0,0.0,0.0,0.0,0.0,0.0,0.0,0.0,0.0,0.0,0.0,0.0,0.0,0.0,0.0,0.0,0.0,0.0,0.0,0.0,0.0,0.0,1.0555560588276655e-07,3.87037221570144e-06,6.211696083329662e-05,0.0005908600700723431,0.003922448827832316,0.0200405133909725,0.0839260232156329,0.30069939098766896,0.9502381993545488,0.0,2.708375640648462,7.0811435399316816,17.206693907577932,39.26232689940633,84.8282647079764,174.71322805005335,0.0,0.0,0.0,0.0,569432.8897178613,0.0,0.0,0.0,0.0,0.0,0.0,0.0,0.0,0.0,0.0,0.0,0.0,0.0,0.0,0.0,0.0,0.0,0.0,0.0,0.0,0.0,0.0,0.0,0.0,0.0,0.0,0.0,0.0,0.0,0.0,0.0,0.0,0.0,0.0,0.0,0.0,5.981484333356771e-07,2.193210922230816e-05,0.0003519961113886808,0.0033482070637432778,0.022227210024383125,0.11356290921551083,0.4755807982219198,1.7039632155967908,5.384683129675777,0.0,15.347461963674618,40.12648005961287,97.50459880960828,222.4865190966359,480.6935000118663,990.0416256169691,0.0,0.0,0.0,0.0,3226786.3750678804,569432.8897178613,0.0,0,0,0.0,0.0,0,0,0,0,0,0.0,0.0,0.0,0,0,0,0,0,0,0.0,0.0,0.0,0.0,0.0,0,0.0,0.0,0,0.0,0.0,0.0,0,0.0,0,0.0,0,0.0,0,0.0,0,0,0.0,0,0,0.0,0.0,0,0,0.0,0,0,0.0,0,0,0,0,0,356387604183.46136,0.0,153994229.77664214,0.0,0.0,227773.15588714456,341659.7338307168,0.0,0.0,0.0,0.0,227773.15588714456,0.0,0.0,0.0,0.0,0.0,0.0,176926317.71057323,0.0,0.0,0.0,0.0,0,0,"{'alpha': 12.596192434998898, 'beta': 41.1809830745411}",3796219.2647857433,3796219.2647857433,0.0,1714772125.2770967,535263340.53994215,1179508784.7371547,1000.0,0
163610357.62653783,1185838.8210274298,1874198390.2111506,0.0,0.0,0.0,0.0,0.0,0.0,0.0,0.0,0.0,0.0,0.0,0.0,0.0,0.0,0.0,0.0,0.0,0.0,0.0,0.0,0.0,0.0,0.0,0.0,0.0,0.0,0.0,0.0,0.0,0.0,0.0,0.0,0.0,0.0,0.0,0.0,0.0,1.1443571124560717e-07,4.195976079005597e-06,6.734269140824826e-05,0.000640567516996244,0.0042524337545465545,0.021726467149173697,0.09098649075410503,0.32599641100078103,0.0,1.0301791485774268,2.936223899866649,7.676860841709379,18.654246158049038,42.5653594265868,91.96463536355664,0.0,0.0,0.0,0.0,752604.7482437488,0.0,0.0,0.0,0.0,0.0,0.0,0.0,0.0,0.0,0.0,0.0,0.0,0.0,0.0,0.0,0.0,0.0,0.0,0.0,0.0,0.0,0.0,0.0,0.0,0.0,0.0,0.0,0.0,0.0,0.0,0.0,0.0,0.0,0.0,0.0,0.0,0.0,6.48469030391774e-07,2.377719778103171e-05,0.0003816085846467401,0.0036298825963120497,0.024097124609097142,0.12311664717865095,0.5155901142732618,1.8473129956710928,0.0,5.8376818419387515,16.638602099244345,43.50221143635315,105.70739489561123,241.20370341732522,521.132933726821,0.0,0.0,0.0,0.0,10984513.559203347,1938443.5692711787,1185838.8210274298,0,0,0.0,0.0,0,0,0,0,0,0.0,0.0,0.0,0,0,0,0,0,0,0.0,0.0,0.0,0.0,0.0,0,0.0,0.0,0,0.0,0.0,0.0,0,0.0,0,0.0,0,0.0,0,0.0,0,0,0.0,0,0,0.0,0.0,0,0,0.0,0,0,0.0,0,0,0,0,0,391560540910.78906,6719753.319155436,166949344.51687536,0.0,0.0,775377.4277084715,451562.8489462492,0.0,0.0,0.0,0.0,301041.89929749956,711503.2926164578,0.0,0.0,0.0,0.0,474335.5284109719,327519207.11647725,0.0,0.0,0.0,0.0,0,0,"{'alpha': 12.596192434998898, 'beta': 41.1809830745411}",12922957.128474526,5017364.9882916575,7905592.140182866,2891364409.8432136,707903029.0666975,2183461380.776515,1000.0,0
177425814.08887178,2000035.907480307,2032746569.0956728,0.0,0.0,0.0,0.0,0.0,0.0,0.0,0.0,0.0,0.0,0.0,0.0,0.0,0.0,0.0,0.0,0.0,0.0,0.0,0.0,0.0,0.0,0.0,0.0,0.0,0.0,0.0,0.0,0.0,0.0,0.0,0.0,0.0,0.0,0.0,0.0,0.0,0.0,1.240988010975266e-07,4.550289373575975e-06,7.302918971253493e-05,0.0006946578128102025,0.004611514403517448,0.02356107631044022,0.09866950006909718,0.0,0.35352394219375666,1.117168721744078,3.184162196932582,8.325104255296475,20.22943326339392,46.159629853547976,0.0,0.0,0.0,0.0,831609.3731722203,0.0,0.0,0.0,0.0,0.0,0.0,0.0,0.0,0.0,0.0,0.0,0.0,0.0,0.0,0.0,0.0,0.0,0.0,0.0,0.0,0.0,0.0,0.0,0.0,0.0,0.0,0.0,0.0,0.0,0.0,0.0,0.0,0.0,0.0,0.0,0.0,0.0,0.0,7.032265395526507e-07,2.5784973116930527e-05,0.000413832075037698,0.003936394272591148,0.02613191495326554,0.13351276575916124,0.5591271670582174,0.0,2.0033023390979543,6.330622756549776,18.043585782617964,47.17559078001336,114.63345515923221,261.57123583677185,0.0,0.0,0.0,0.0,16045989.923697658,2831645.2806525277,2000035.907480307,0,0,0.0,0.0,0,0,0,0,0,0.0,0.0,0.0,0,0,0,0,0,0,0.0,0.0,0.0,0.0,0.0,0,0.0,0.0,0,0.0,0.0,0.0,0,0.0,0,0.0,0,0.0,0,0.0,0,0,0.0,0,0,0.0,0.0,0,0,0.0,0,0,0.0,0,0,0,0,0,429224301212.0839,11333536.809055073,181046749.0702773,0.0,0.0,1132658.1122610108,498965.6239033323,0.0,0.0,0.0,0.0,332643.74926888815,1200021.5444881842,0.0,0.0,0.0,0.0,800014.3629921228,586555352.3566797,0.0,0.0,0.0,0.0,0,0,"{'alpha': 12.596192434998898, 'beta': 41.1809830745411}",18877635.20435019,5544062.487814802,13333572.71653538,4708107223.111797,797738207.4006004,3910369015.711198,1000.0,0
192456819.86346143,0.0,2219596872.3937354,0.0,0.0,0.0,0.0,0.0,0.0,0.0,0.0,0.0,0.0,0.0,0.0,0.0,0.0,0.0,0.0,0.0,0.0,0.0,0.0,0.0,0.0,0.0,0.0,0.0,0.0,0.0,0.0,0.0,0.0,0.0,0.0,0.0,0.0,0.0,0.0,0.0,0.0,0.0,1.3461209537488716e-07,4.935776830412529e-06,7.921601307823121e-05,0.0007535072291103802,0.005002188669180696,0.02555710307743808,0.0,0.10702849694297707,0.38347347599670367,1.2118120496834672,3.4539152800174944,9.030383195556784,21.94321279294109,0.0,0.0,0.0,0.0,840977.4848097457,0.0,0.0,0.0,0.0,0.0,0.0,0.0,0.0,0.0,0.0,0.0,0.0,0.0,0.0,0.0,0.0,0.0,0.0,0.0,0.0,0.0,0.0,0.0,0.0,0.0,0.0,0.0,0.0,0.0,0.0,0.0,0.0,0.0,0.0,0.0,0.0,0.0,0.0,0.0,7.628018737910273e-07,2.796940203900433e-05,0.00044889074077664355,0.004269874298292155,0.02834573579202395,0.14482358410548246,0.0,0.6064948160102034,2.1730163639813207,6.866934948206315,19.572186586765802,51.172171441488445,124.34487249333284,0.0,0.0,0.0,0.0,4765539.080588559,840977.4848097457,0.0,0,0,0.0,0.0,0,0,0,0,0,0.0,0.0,0.0,0,0,0,0,0,0,0.0,0.0,0.0,0.0,0.0,0,0.0,0.0,0,0.0,0.0,0.0,0,0.0,0,0.0,0,0.0,0,0.0,0,0,0.0,0,0,0.0,0.0,0,0,0.0,0,0,0.0,0,0,0,0,0,472183400252.4403,0.0,196384510.06475654,0.0,0.0,336390.9939238983,504586.4908858474,0.0,0.0,0.0,0.0,336390.9939238983,0.0,0.0,0.0,0.0,0.0,0.0,586555352.3566797,0.0,0.0,0.0,0.0,0,0,"{'alpha': 12.596192434998898, 'beta': 41.1809830745411}",5606516.565398307,5606516.565398307,0.0,4741893232.044768,831524216.3335699,3910369015.711198,1000.0,0
208808249.29615942,3023300.573956471,2400776922.1565056,0.0,0.0,0.0,0.0,0.0,0.0,0.0,0.0,0.0,0.0,0.0,0.0,0.0,0.0,0.0,0.0,0.0,0.0,0.0,0.0,0.0,0.0,0.0,0.0,0.0,0.0,0.0,0.0,0.0,0.0,0.0,0.0,0.0,0.0,0.0,0.0,0.0,0.0,0.0,0.0,1.4604894744316746e-07,5.355128072916141e-06,8.594632821441255e-05,0.0008175263700925874,0.005427182364343995,0.0,0.027728474129767602,0.11612180377560793,0.4160539763215037,1.3147694779011319,3.747365270554544,9.797618535292345,0.0,0.0,0.0,0.0,1120929.3560519502,0.0,0.0,0.0,0.0,0.0,0.0,0.0,0.0,0.0,0.0,0.0,0.0,0.0,0.0,0.0,0.0,0.0,0.0,0.0,0.0,0.0,0.0,0.0,0.0,0.0,0.0,0.0,0.0,0.0,0.0,0.0,0.0,0.0,0.0,0.0,0.0,0.0,0.0,0.0,0.0,8.27610702177949e-07,3.0345725746524795e-05,0.0004870291932150044,0.004632649430524662,0.030754033397949306,0.0,0.1571280200686831,0.658023554728445,2.3576391991551877,7.45036037477308,21.23506986647575,55.51983836665663,0.0,0.0,0.0,0.0,23483969.603381053,4144229.9300084217,3023300.573956471,0,0,0.0,0.0,0,0,0,0,0,0.0,0.0,0.0,0,0,0,0,0,0,0.0,0.0,0.0,0.0,0.0,0,0.0,0.0,0,0.0,0.0,0.0,0,0.0,0,0.0,0,0.0,0,0.0,0,0,0.0,0,0,0.0,0.0,0,0,0.0,0,0,0.0,0,0,0,0,0,516085759038.5258,17132036.585753337,213069642.13893816,0.0,0.0,1657691.9720033687,672557.6136311702,0.0,0.0,0.0,0.0,448371.74242078024,1813980.3443738825,0.0,0.0,0.0,0.0,1209320.2295825884,990325010.002372,0.0,0.0,0.0,0.0,0,0,"{'alpha': 12.596192434998898, 'beta': 41.1809830745411}",27628199.533389483,7472862.37367967,20155337.159709807,7706657540.529735,1104490807.1805885,6602166733.349147,1000.0,0
226594445.96768847,0.0,2619135551.610294,0.0,0.0,0.0,0.0,0.0,0.0,0.0,0.0,0.0,0.0,0.0,0.0,0.0,0.0,0.0,0.0,0.0,0.0,0.0,0.0,0.0,0.0,0.0,0.0,0.0,0.0,0.0,0.0,0.0,0.0,0.0,0.0,0.0,0.0,0.0,0.0,0.0,0.0,0.0,0.0,0.0,1.5848933383427046e-07,5.811275573923251e-06,9.32671994059007e-05,0.0008871629139151665,0.0,0.005889467418837058,0.030090373604217735,0.1260130089687337,0.4514932746910345,1.4267609753180068,4.066564229057409,0.0,0.0,0.0,0.0,1235372.4770849734,0.0,0.0,0.0,0.0,0.0,0.0,0.0,0.0,0.0,0.0,0.0,0.0,0.0,0.0,0.0,0.0,0.0,0.0,0.0,0.0,0.0,0.0,0.0,0.0,0.0,0.0,0.0,0.0,0.0,0.0,0.0,0.0,0.0,0.0,0.0,0.0,0.0,0.0,0.0,0.0,0.0,8.98106225060866e-07,3.293056158556509e-05,0.0005285141299667706,0.005027256512185944,0.0,0.03337364870674333,0.17051211709056718,0.7140737174894909,2.558461889915862,8.084978860135372,23.043863964658655,0.0,0.0,0.0,0.0,7000444.03681485,1235372.4770849734,0.0,0,0,0.0,0.0,0,0,0,0,0,0.0,0.0,0.0,0,0,0,0,0,0,0.0,0.0,0.0,0.0,0.0,0,0.0,0.0,0,0.0,0.0,0.0,0,0.0,0,0.0,0,0.0,0,0.0,0,0,0.0,0,0,0.0,0.0,0,0,0.0,0,0,0.0,0,0,0,0,0,566825763378.9108,0.0,231218822.41600865,0.0,0.0,494148.9908339894,741223.4862509839,0.0,0.0,0.0,0.0,494148.9908339894,0.0,0.0,0.0,0.0,0.0,0.0,990325010.002372,0.0,0.0,0.0,0.0,0,0,"{'alpha': 12.596192434998898, 'beta': 41.1809830745411}",8235816.513899823,8235816.513899823,0.0,7838030950.816268,1235864217.467119,6602166733.349147,1000.0,0
245940003.39366138,0.0,2854413516.563078,0.0,0.0,0.0,0.0,0.0,0.0,0.0,0.0,0.0,0.0,0.0,0.0,0.0,0.0,0.0,0.0,0.0,0.0,0.0,0.0,0.0,0.0,0.0,0.0,0.0,0.0,0.0,0.0,0.0,0.0,0.0,0.0,0.0,0.0,0.0,0.0,0.0,0.0,0.0,0.0,0.0,0.0,1.7202040029974015e-07,6.307414677657139e-06,0.00010122990985258042,0.0,0.0009629046692968788,0.00639228217086216,0.032659346767012654,0.13677140108648178,0.49003962579719296,1.54857104997927,0.0,0.0,0.0,0.0,1599305.7661316984,0.0,0.0,0.0,0.0,0.0,0.0,0.0,0.0,0.0,0.0,0.0,0.0,0.0,0.0,0.0,0.0,0.0,0.0,0.0,0.0,0.0,0.0,0.0,0.0,0.0,0.0,0.0,0.0,0.0,0.0,0.0,0.0,0.0,0.0,0.0,0.0,0.0,0.0,0.0,0.0,0.0,0.0,9.747822683651943e-07,3.574201650672379e-05,0.000573636155831289,0.0,0.005456459792682313,0.03622293230155224,0.18506963167973836,0.7750379394900635,2.77689121285076,8.77523594988253,0.0,0.0,0.0,0.0,9062732.674746294,1599305.7661316984,0.0,0,0,0.0,0.0,0,0,0,0,0,0.0,0.0,0.0,0,0,0,0,0,0,0.0,0.0,0.0,0.0,0.0,0,0.0,0.0,0,0.0,0.0,0.0,0,0.0,0,0.0,0,0.0,0,0.0,0,0,0.0,0,0,0.0,0.0,0,0,0.0,0,0,0.0,0,0,0,0,0,621843073120.6127,0.0,250959187.13638917,0.0,0.0,639722.3064526794,959583.4596790189,0.0,0.0,0.0,0.0,639722.3064526794,0.0,0.0,0.0,0.0,0.0,0.0,990325010.002372,0.0,0.0,0.0,0.0,0,0,"{'alpha': 12.596192434998898, 'beta': 41.1809830745411}",10662038.440877993,10662038.440877993,0.0,8196421056.170738,1594254322.8215897,6602166733.349147,1000.0,0
266980627.88151628,2288449.892436767,3092642446.6180463,0.0,0.0,0.0,0.0,0.0,0.0,0.0,0.0,0.0,0.0,0.0,0.0,0.0,0.0,0.0,0.0,0.0,0.0,0.0,0.0,0.0,0.0,0.0,0.0,0.0,0.0,0.0,0.0,0.0,0.0,0.0,0.0,0.0,0.0,0.0,0.0,0.0,0.0,0.0,0.0,0.0,0.0,0.0,1.8673706532785245e-07,6.847025728687924e-06,0.0,0.00010989031682483813,0.0010452829537756694,0.006939153793703599,0.035453414596000335,0.14847244870471818,0.5319634267579658,0.0,0.0,0.0,0.0,2024304.7815454043,0.0,0.0,0.0,0.0,0.0,0.0,0.0,0.0,0.0,0.0,0.0,0.0,0.0,0.0,0.0,0.0,0.0,0.0,0.0,0.0,0.0,0.0,0.0,0.0,0.0,0.0,0.0,0.0,0.0,0.0,0.0,0.0,0.0,0.0,0.0,0.0,0.0,0.0,0.0,0.0,0.0,0.0,0.0,1.0581767035244972e-06,3.87998124625649e-05,0.0,0.0006227117953407494,0.0059232700713954594,0.03932187149765373,0.20090268271066858,0.841343875993403,3.0144594182951403,0.0,0.0,0.0,0.0,24438943.152565636,4312754.673982172,2288449.892436767,0,0,0.0,0.0,0,0,0,0,0,0.0,0.0,0.0,0,0,0,0,0,0,0.0,0.0,0.0,0.0,0.0,0,0.0,0.0,0,0.0,0.0,0.0,0,0.0,0,0.0,0,0.0,0,0.0,0,0,0.0,0,0,0.0,0.0,0,0,0.0,0,0,0.0,0,0,0,0,0,679447952917.734,12967882.723808346,272429212.1239962,0.0,0.0,1725101.8695928687,1214582.8689272427,0.0,0.0,0.0,0.0,809721.9126181616,1373069.9354620602,0.0,0.0,0.0,0.0,915379.9569747068,1297031109.7874336,0.0,0.0,0.0,0.0,0,0,"{'alpha': 12.596192434998898, 'beta': 41.1809830745411}",28751697.826547805,13495365.210302694,15256332.616245113,10658686525.827436,2011812460.5778797,8646874065.249557,1000.0,0
289864085.9776859,0.0,3367659825.8949313,0.0,0.0,0.0,0.0,0.0,0.0,0.0,0.0,0.0,0.0,0.0,0.0,0.0,0.0,0.0,0.0,0.0,0.0,0.0,0.0,0.0,0.0,0.0,0.0,0.0,0.0,0.0,0.0,0.0,0.0,0.0,0.0,0.0,0.0,0.0,0.0,0.0,0.0,0.0,0.0,0.0,0.0,0.0,0.0,2.027426828265423e-07,0.0,7.433898370306552e-06,0.00011930924163668618,0.0011348763031552404,0.007533922921041046,0.03849219959591332,0.16119832730246395,0.0,0.0,0.0,0.0,2227006.0051201396,0.0,0.0,0.0,0.0,0.0,0.0,0.0,0.0,0.0,0.0,0.0,0.0,0.0,0.0,0.0,0.0,0.0,0.0,0.0,0.0,0.0,0.0,0.0,0.0,0.0,0.0,0.0,0.0,0.0,0.0,0.0,0.0,0.0,0.0,0.0,0.0,0.0,0.0,0.0,0.0,0.0,0.0,0.0,0.0,1.1488752026837398e-06,0.0,4.2125424098403796e-05,0.0006760857026078884,0.006430965717879696,0.04269222988589926,0.21812246437684218,0.9134571880472957,0.0,0.0,0.0,0.0,12619700.695680792,2227006.0051201396,0.0,0,0,0.0,0.0,0,0,0,0,0,0.0,0.0,0.0,0,0,0,0,0,0,0.0,0.0,0.0,0.0,0.0,0,0.0,0.0,0,0.0,0.0,0.0,0,0.0,0,0.0,0,0.0,0,0.0,0,0,0.0,0,0,0.0,0.0,0,0,0.0,0,0,0.0,0,0,0,0,0,744388766308.6897,0.0,295779679.5690673,0.0,0.0,890802.4020480558,1336203.6030720836,0.0,0.0,0.0,0.0,890802.4020480558,0.0,0.0,0.0,0.0,0.0,0.0,1297031109.7874336,0.0,0.0,0.0,0.0,0,0,"{'alpha': 12.596192434998898, 'beta': 41.1809830745411}",14846706.70080093,14846706.70080093,0.0,10883814712.551523,2236940647.3019667,8646874065.249557,1000.0,0
314751243.345509,0.0,3664311953.982485,0.0,0.0,0.0,0.0,0.0,0.0,0.0,0.0,0.0,0.0,0.0,0.0,0.0,0.0,0.0,0.0,0.0,0.0,0.0,0.0,0.0,0.0,0.0,0.0,0.0,0.0,0.0,0.0,0.0,0.0,0.0,0.0,0.0,0.0,0.0,0.0,0.0,0.0,0.0,0.0,0.0,0.0,0.0,0.0,0.0,0.0,2.2014976875669516e-07,8.07215818774549e-06,0.00012955289725215426,0.0012323145389214057,0.008180770648659954,0.04179706375507961,0.0,0.0,0.0,0.0,2714867.288693248,0.0,0.0,0.0,0.0,0.0,0.0,0.0,0.0,0.0,0.0,0.0,0.0,0.0,0.0,0.0,0.0,0.0,0.0,0.0,0.0,0.0,0.0,0.0,0.0,0.0,0.0,0.0,0.0,0.0,0.0,0.0,0.0,0.0,0.0,0.0,0.0,0.0,0.0,0.0,0.0,0.0,0.0,0.0,0.0,0.0,0.0,1.2475153562879395e-06,4.574222973055778e-05,0.0007341330844288741,0.006983115720554633,0.046357700342406404,0.23685002794545115,0.0,0.0,0.0,0.0,15384247.969261738,2714867.288693248,0.0,0,0,0.0,0.0,0,0,0,0,0,0.0,0.0,0.0,0,0,0,0,0,0,0.0,0.0,0.0,0.0,0.0,0,0.0,0.0,0,0.0,0.0,0.0,0,0.0,0,0.0,0,0.0,0,0.0,0,0,0.0,0,0,0.0,0.0,0,0,0.0,0,0,0.0,0,0,0,0,0,814835841746.1139,0.0,321174738.10766226,0.0,0.0,1085946.9154772991,1628920.3732159487,0.0,0.0,0.0,0.0,1085946.9154772991,0.0,0.0,0.0,0.0,0.0,0.0,1297031109.7874336,0.0,0.0,0.0,0.0,0,0,"{'alpha': 12.596192434998898, 'beta': 41.1809830745411}",18099115.257954985,18099115.257954985,0.0,11368049696.210674,2721175630.961117,8646874065.249557,1000.0,0
341817200.3251563,3015145.0645588185,3964535736.078104,0.0,0.0,0.0,0.0,0.0,0.0,0.0,0.0,0.0,0.0,0.0,0.0,0.0,0.0,0.0,0.0,0.0,0.0,0.0,0.0,0.0,0.0,0.0,0.0,0.0,0.0,0.0,0.0,0.0,0.0,0.0,0.0,0.0,0.0,0.0,0.0,0.0,0.0,0.0,0.0,0.0,0.0,0.0,0.0,0.0,0.0,0.0,2.3908079538875574e-07,8.766295830921045e-06,0.00014069335568639256,0.0013382832141880113,0.008884248049046055,0.0,0.0,0.0,0.0,3223867.669871818,0.0,0.0,0.0,0.0,0.0,0.0,0.0,0.0,0.0,0.0,0.0,0.0,0.0,0.0,0.0,0.0,0.0,0.0,0.0,0.0,0.0,0.0,0.0,0.0,0.0,0.0,0.0,0.0,0.0,0.0,0.0,0.0,0.0,0.0,0.0,0.0,0.0,0.0,0.0,0.0,0.0,0.0,0.0,0.0,0.0,0.0,0.0,1.354791173869616e-06,4.9675676375219255e-05,0.0007972623488895578,0.007583604880398731,0.05034407227792764,0.0,0.0,0.0,0.0,35354405.49510694,6239012.734430636,3015145.0645588185,0,0,0.0,0.0,0,0,0,0,0,0.0,0.0,0.0,0,0,0,0,0,0,0.0,0.0,0.0,0.0,0.0,0,0.0,0.0,0,0.0,0.0,0.0,0,0.0,0,0.0,0,0.0,0,0.0,0,0,0.0,0,0,0.0,0.0,0,0,0.0,0,0,0.0,0,0,0,0,0,888533749461.3041,17085822.032499973,348793061.5562819,0.0,0.0,2495605.093772255,1934320.6019230904,0.0,0.0,0.0,0.0,1289547.0679487274,1809087.038735291,0.0,0.0,0.0,0.0,1206058.0258235275,1712187345.330505,0.0,0.0,0.0,0.0,0,0,"{'alpha': 12.596192434998898, 'beta': 41.1809830745411}",41593418.22953758,21492451.132478785,20100967.09705879,14642659781.223347,3228077479.0199823,11414582302.203365,1000.0,0
371252530.5655075,5527571.121428559,4277803466.9235,0.0,0.0,0.0,0.0,0.0,0.0,0.0,0.0,0.0,0.0,0.0,0.0,0.0,0.0,0.0,0.0,0.0,0.0,0.0,0.0,0.0,0.0,0.0,0.0,0.0,0.0,0.0,0.0,0.0,0.0,0.0,0.0,0.0,0.0,0.0,0.0,0.0,0.0,0.0,0.0,0.0,0.0,0.0,0.0,0.0,0.0,0.0,0.0,2.5966905765203407e-07,9.521198780574582e-06,0.00015280905783161128,0.0014535284631903146,0.0,0.0,0.0,0.0,3170148.8365880675,0.0,0.0,0.0,0.0,0.0,0.0,0.0,0.0,0.0,0.0,0.0,0.0,0.0,0.0,0.0,0.0,0.0,0.0,0.0,0.0,0.0,0.0,0.0,0.0,0.0,0.0,0.0,0.0,0.0,0.0,0.0,0.0,0.0,0.0,0.0,0.0,0.0,0.0,0.0,0.0,0.0,0.0,0.0,0.0,0.0,0.0,0.0,0.0,1.4714579933615266e-06,5.39534597565893e-05,0.0008659179943791306,0.008236661291411783,0.0,0.0,0.0,0.0,49287079.762094215,8697719.958016627,5527571.121428559,0,0,0.0,0.0,0,0,0,0,0,0.0,0.0,0.0,0,0,0,0,0,0,0.0,0.0,0.0,0.0,0.0,0,0.0,0.0,0,0.0,0.0,0.0,0,0.0,0,0.0,0,0.0,0,0.0,0,0,0.0,0,0,0.0,0.0,0,0,0.0,0,0,0.0,0,0,0,0,0,966906900833.2808,31322903.021428503,378829112.82194644,0.0,0.0,3479087.9832066502,1902089.3019528403,0.0,0.0,0.0,0.0,1268059.5346352267,3316542.672857135,0.0,0.0,0.0,0.0,2211028.4485714235,2495665370.6939955,0.0,0.0,0.0,0.0,0,0,"{'alpha': 12.596192434998898, 'beta': 41.1809830745411}",57984799.72011085,21134325.57725378,36850474.14285706,19863692892.259926,3225923754.2999573,16637769137.959969,1000.0,0
403264633.02237594,0.0,4663639345.462423,0.0,0.0,0.0,0.0,0.0,0.0,0.0,0.0,0.0,0.0,0.0,0.0,0.0,0.0,0.0,0.0,0.0,0.0,0.0,0.0,0.0,0.0,0.0,0.0,0.0,0.0,0.0,0.0,0.0,0.0,0.0,0.0,0.0,0.0,0.0,0.0,0.0,0.0,0.0,0.0,0.0,0.0,0.0,0.0,0.0,0.0,0.0,0.0,0.0,2.820596187770273e-07,1.0342186021824333e-05,0.00016598536994507157,0.0,0.0,0.0,0.0,2614313.1725179125,0.0,0.0,0.0,0.0,0.0,0.0,0.0,0.0,0.0,0.0,0.0,0.0,0.0,0.0,0.0,0.0,0.0,0.0,0.0,0.0,0.0,0.0,0.0,0.0,0.0,0.0,0.0,0.0,0.0,0.0,0.0,0.0,0.0,0.0,0.0,0.0,0.0,0.0,0.0,0.0,0.0,0.0,0.0,0.0,0.0,0.0,0.0,0.0,0.0,1.598337839736488e-06,5.8605720790337896e-05,0.0009405837630220722,0.0,0.0,0.0,0.0,14814441.310934838,2614313.1725179125,0.0,0,0,0.0,0.0,0,0,0,0,0,0.0,0.0,0.0,0,0,0,0,0,0,0.0,0.0,0.0,0.0,0.0,0,0.0,0.0,0,0.0,0.0,0.0,0,0.0,0,0.0,0,0.0,0,0.0,0,0,0.0,0,0,0.0,0.0,0,0,0.0,0,0,0.0,0,0,0,0,0,1058758646219.4633,0.0,411494523.49222034,0.0,0.0,1045725.2690071651,1568587.9035107475,0.0,0.0,0.0,0.0,1045725.2690071651,0.0,0.0,0.0,0.0,0.0,0.0,2495665370.6939955,0.0,0.0,0.0,0.0,0,0,"{'alpha': 12.596192434998898, 'beta': 41.1809830745411}",17428754.48345275,17428754.48345275,0.0,19385118765.873405,2747349627.9134374,16637769137.959969,1000.0,0
438079204.5246489,3385646.841191431,5058936915.52566,0.0,0.0,0.0,0.0,0.0,0.0,0.0,0.0,0.0,0.0,0.0,0.0,0.0,0.0,0.0,0.0,0.0,0.0,0.0,0.0,0.0,0.0,0.0,0.0,0.0,0.0,0.0,0.0,0.0,0.0,0.0,0.0,0.0,0.0,0.0,0.0,0.0,0.0,0.0,0.0,0.0,0.0,0.0,0.0,0.0,0.0,0.0,0.0,0.0,0.0,3.064103402678251e-07,1.1235045809820254e-05,0.0,0.0,0.0,0.0,3031598.3280204376,0.0,0.0,0.0,0.0,0.0,0.0,0.0,0.0,0.0,0.0,0.0,0.0,0.0,0.0,0.0,0.0,0.0,0.0,0.0,0.0,0.0,0.0,0.0,0.0,0.0,0.0,0.0,0.0,0.0,0.0,0.0,0.0,0.0,0.0,0.0,0.0,0.0,0.0,0.0,0.0,0.0,0.0,0.0,0.0,0.0,0.0,0.0,0.0,0.0,0.0,1.7363252615176759e-06,6.366525958898145e-05,0.0,0.0,0.0,0.0,36364389.29220059,6417245.169211867,3385646.841191431,0,0,0.0,0.0,0,0,0,0,0,0.0,0.0,0.0,0,0,0,0,0,0,0.0,0.0,0.0,0.0,0.0,0,0.0,0.0,0,0.0,0.0,0.0,0,0.0,0,0.0,0,0.0,0,0.0,0,0,0.0,0,0,0.0,0.0,0,0,0.0,0,0,0.0,0,0,0,0,0,1155370649923.536,19185332.100084778,447019596.4537234,0.0,0.0,2566898.0676847473,1818958.996812262,0.0,0.0,0.0,0.0,1212639.331208175,2031388.1047148586,0.0,0.0,0.0,0.0,1354258.7364765725,2977391128.507299,0.0,0.0,0.0,0.0,0,0,"{'alpha': 12.596192434998898, 'beta': 41.1809830745411}",42781634.461412445,20210655.520136252,22570978.941276208,23044715008.768295,3195440818.719632,19849274190.04866,1000.0,0
475941845.87230706,0.0,5517025531.612961,0.0,0.0,0.0,0.0,0.0,0.0,0.0,0.0,0.0,0.0,0.0,0.0,0.0,0.0,0.0,0.0,0.0,0.0,0.0,0.0,0.0,0.0,0.0,0.0,0.0,0.0,0.0,0.0,0.0,0.0,0.0,0.0,0.0,0.0,0.0,0.0,0.0,0.0,0.0,0.0,0.0,0.0,0.0,0.0,0.0,0.0,0.0,0.0,0.0,0.0,0.0,3.3289300527212067e-07,0.0,0.0,0.0,0.0,2677984.4677508795,0.0,0.0,0.0,0.0,0.0,0.0,0.0,0.0,0.0,0.0,0.0,0.0,0.0,0.0,0.0,0.0,0.0,0.0,0.0,0.0,0.0,0.0,0.0,0.0,0.0,0.0,0.0,0.0,0.0,0.0,0.0,0.0,0.0,0.0,0.0,0.0,0.0,0.0,0.0,0.0,0.0,0.0,0.0,0.0,0.0,0.0,0.0,0.0,0.0,0.0,0.0,1.8863936965420173e-06,0.0,0.0,0.0,0.0,15175245.317254983,2677984.4677508795,0.0,0,0,0.0,0.0,0,0,0,0,0,0.0,0.0,0.0,0,0,0,0,0,0,0.0,0.0,0.0,0.0,0.0,0,0.0,0.0,0,0.0,0.0,0.0,0,0.0,0,0.0,0,0.0,0,0.0,0,0,0.0,0,0,0.0,0.0,0,0,0.0,0,0,0.0,0,0,0,0,0,1264657520247.9875,0.0,485654944.76766026,0.0,0.0,1071193.7871003519,1606790.6806505276,0.0,0.0,0.0,0.0,1071193.7871003519,0.0,0.0,0.0,0.0,0.0,0.0,2977391128.507299,0.0,0.0,0.0,0.0,0,0,"{'alpha': 12.596192434998898, 'beta': 41.1809830745411}",17853229.78500586,17853229.78500586,0.0,22775800778.812794,2926526588.7641363,19849274190.04866,1000.0,0
517119806.5697362,0.0,6013505092.830154,0.0,0.0,0.0,0.0,0.0,0.0,0.0,0.0,0.0,0.0,0.0,0.0,0.0,0.0,0.0,0.0,0.0,0.0,0.0,0.0,0.0,0.0,0.0,0.0,0.0,0.0,0.0,0.0,0.0,0.0,0.0,0.0,0.0,0.0,0.0,0.0,0.0,0.0,0.0,0.0,0.0,0.0,0.0,0.0,0.0,0.0,0.0,0.0,0.0,0.0,0.0,0.0,0.0,0.0,0.0,0.0,3096036.80288144,0.0,0.0,0.0,0.0,0.0,0.0,0.0,0.0,0.0,0.0,0.0,0.0,0.0,0.0,0.0,0.0,0.0,0.0,0.0,0.0,0.0,0.0,0.0,0.0,0.0,0.0,0.0,0.0,0.0,0.0,0.0,0.0,0.0,0.0,0.0,0.0,0.0,0.0,0.0,0.0,0.0,0.0,0.0,0.0,0.0,0.0,0.0,0.0,0.0,0.0,0.0,0.0,0.0,0.0,0.0,0.0,17544208.549661495,3096036.80288144,0.0,0,0,0.0,0.0,0,0,0,0,0,0.0,0.0,0.0,0,0,0,0,0,0,0.0,0.0,0.0,0.0,0.0,0,0.0,0.0,0,0.0,0.0,0.0,0,0.0,0,0.0,0,0.0,0,0.0,0,0,0.0,0,0,0.0,0.0,0,0,0.0,0,0,0.0,0,0,0,0,0,1383452684873.7922,0.0,527673272.0099349,0.0,0.0,1238414.7211525762,1857622.081728864,0.0,0.0,0.0,0.0,1238414.7211525762,0.0,0.0,0.0,0.0,0.0,0.0,2977391128.507299,0.0,0.0,0.0,0.0,0,0,"{'alpha': 12.596192434998898, 'beta': 41.1809830745411}",20640245.352542937,20640245.352542937,0.0,23249252004.88636,3399977814.8377047,19849274190.04866,1000.0,0
561903892.4038024,1773839.7538779492,6540128564.13372,0.0,0.0,0.0,0.0,0.0,0.0,0.0,0.0,0.0,0.0,0.0,0.0,0.0,0.0,0.0,0.0,0.0,0.0,0.0,0.0,0.0,0.0,0.0,0.0,0.0,0.0,0.0,0.0,0.0,0.0,0.0,0.0,0.0,0.0,0.0,0.0,0.0,0.0,0.0,0.0,0.0,0.0,0.0,0.0,0.0,0.0,0.0,0.0,0.0,0.0,0.0,0.0,0.0,0.0,0.0,0.0,3518223.4111574953,0.0,0.0,0.0,0.0,0.0,0.0,0.0,0.0,0.0,0.0,0.0,0.0,0.0,0.0,0.0,0.0,0.0,0.0,0.0,0.0,0.0,0.0,0.0,0.0,0.0,0.0,0.0,0.0,0.0,0.0,0.0,0.0,0.0,0.0,0.0,0.0,0.0,0.0,0.0,0.0,0.0,0.0,0.0,0.0,0.0,0.0,0.0,0.0,0.0,0.0,0.0,0.0,0.0,0.0,0.0,0.0,29988357.935200855,5292063.165035444,1773839.7538779492,0,0,0.0,0.0,0,0,0,0,0,0.0,0.0,0.0,0,0,0,0,0,0,0.0,0.0,0.0,0.0,0.0,0,0.0,0.0,0,0.0,0.0,0.0,0,0.0,0,0.0,0,0.0,0,0.0,0,0,0.0,0,0,0.0,0.0,0,0,0.0,0,0,0.0,0,0,0,0,0,1510906762242.9558,10051758.60530838,573371318.7793902,0.0,0.0,2116825.2660141783,2110934.0466944976,0.0,0.0,0.0,0.0,1407289.3644629982,1064303.8523267694,0.0,0.0,0.0,0.0,709535.9015511797,3235842109.6716857,0.0,0.0,0.0,0.0,0,0,"{'alpha': 12.596192434998898, 'beta': 41.1809830745411}",35280421.100236304,23454822.74104995,11825598.359186329,25461603167.01208,3889322435.867507,21572280731.14457,1000.0,0
610610533.0253114,0.0,7128190185.043622,0.0,0.0,0.0,0.0,0.0,0.0,0.0,0.0,0.0,0.0,0.0,0.0,0.0,0.0,0.0,0.0,0.0,0.0,0.0,0.0,0.0,0.0,0.0,0.0,0.0,0.0,0.0,0.0,0.0,0.0,0.0,0.0,0.0,0.0,0.0,0.0,0.0,0.0,0.0,0.0,0.0,0.0,0.0,0.0,0.0,0.0,0.0,0.0,0.0,0.0,0.0,0.0,0.0,0.0,0.0,0.0,3382336.8173117083,0.0,0.0,0.0,0.0,0.0,0.0,0.0,0.0,0.0,0.0,0.0,0.0,0.0,0.0,0.0,0.0,0.0,0.0,0.0,0.0,0.0,0.0,0.0,0.0,0.0,0.0,0.0,0.0,0.0,0.0,0.0,0.0,0.0,0.0,0.0,0.0,0.0,0.0,0.0,0.0,0.0,0.0,0.0,0.0,0.0,0.0,0.0,0.0,0.0,0.0,0.0,0.0,0.0,0.0,0.0,0.0,19166575.29809968,3382336.8173117083,0.0,0,0,0.0,0.0,0,0,0,0,0,0.0,0.0,0.0,0,0,0,0,0,0,0.0,0.0,0.0,0.0,0.0,0,0.0,0.0,0,0.0,0.0,0.0,0,0.0,0,0.0,0,0.0,0,0.0,0,0,0.0,0,0,0.0,0.0,0,0,0.0,0,0,0.0,0,0,0,0,0,1651971776483.3665,0.0,623071972.4748075,0.0,0.0,1352934.7269246834,2029402.090387025,0.0,0.0,0.0,0.0,1352934.7269246834,0.0,0.0,0.0,0.0,0.0,0.0,3235842109.6716857,0.0,0.0,0.0,0.0,0,0,"{'alpha': 12.596192434998898, 'beta': 41.1809830745411}",22548912.115411386,22548912.115411386,0.0,25426273093.561672,3853992362.4170895,21572280731.14457,1000.0,0
