Recycler Name,p1,p10,p100,p101,p102,p103,p104,p105,p106,p107,p108,p109,p11,p110,p111,p112,p113,p114,p115,p116,p117,p118,p119,p12,p120,p121,p122,p123,p124,p125,p126,p127,p128,p129,p13,p130,p131,p132,p133,p134,p14,p15,p16,p17,p18,p19,p2,p20,p21,p22,p23,p24,p25,p26,p27,p28,p29,p3,p30,p31,p32,p33,p34,p35,p36,p37,p38,p39,p4,p40,p41,p42,p43,p44,p45,p46,p47,p48,p49,p5,p50,p51,p52,p53,p54,p55,p56,p57,p58,p59,p6,p60,p61,p62,p63,p64,p65,p66,p67,p68,p69,p7,p70,p71,p72,p73,p74,p75,p76,p77,p78,p79,p8,p80,p81,p82,p83,p84,p85,p86,p87,p88,p89,p9,p90,p91,p92,p93,p94,p95,p96,p97,p98,p99
3R Recycling,3101.2226732956456,2912.6372208728385,541.9038423337289,1175.1617085743114,1429.4532897987367,497.3578776316164,349.7255551061972,234.44947310512487,165.25377700560418,160.69725653032714,296.4347434082348,141.3244791015918,2955.76459571278,241.02402213510717,332.11673995961297,188.0102210071059,90.86568804399072,27.004893133341298,421.769375250745,374.0024518538622,266.78893394628085,387.56700375414215,605.3074650990117,2760.4239773061927,574.594054241624,475.042457309873,638.7285582890695,668.5649656858676,788.4187359746348,774.8918050334984,852.0830317044229,865.6028608304422,977.027838495577,1126.1390806525676,2691.160021711452,1193.8361572149556,1119.7816814617895,1033.7771407094967,1129.3042113328993,1434.656459666181,2740.7141549889297,2598.229232820655,2369.7131980296404,2500.977089107745,2259.7602308208307,2036.723876879049,3096.7206044746586,2074.7227724516156,2113.58912100166,1925.0232412544938,1792.6322706692688,1827.480677913489,2356.9453244533584,2201.9771793213545,2597.458361844139,2468.4640009011905,2245.475830844423,2881.243295679653,2568.647324587857,2019.2185733650915,1654.469304134033,1828.9681151176242,1803.6904983488635,1884.0562089911582,1677.5151905696098,1509.5089641378493,1398.484028262446,1563.913210127242,2955.0992123848114,1271.058546919154,1027.2624273060817,1326.364891280017,1091.1805995129307,1101.8541162156434,958.4449596604146,905.8143495956607,1843.3993935232513,1602.632626088776,1510.474909693445,3045.090738197202,1222.1451734147736,1026.4986438379162,1427.0638693953638,1127.1519937278294,811.9490901566255,818.106460108089,897.0857050387367,1135.8072274514843,1143.8741786362136,2122.1951358866913,3213.2024346844732,1561.4131882003355,1877.6491046901358,1808.0954525943616,1359.7326475920054,1584.9163155875465,1764.7524153055776,1304.2546407229502,1456.2091442767676,939.1856043009392,765.1526365605368,2885.329570223873,743.4751844612466,650.3080405165659,597.652126015997,592.2350883521907,866.6328045058434,767.2883580567207,671.300186621806,692.876449720546,579.958458096204,540.5664827816366,3122.4908398003668,468.1905317811918,454.780939618109,450.8411327959381,335.1328497072841,635.4182082889039,828.9806096674879,986.7144272998135,899.7571514693574,700.6726867878804,657.3815141325401,3180.478832323196,790.3080430969444,954.9450617180593,397.9135853619718,373.0038052996087,723.258094775971,537.4936041260439,704.1887573883951,463.61631637543593,700.784128666549,588.488718233752
Cascade Eco Minerals LLC,2493.706264337059,2041.3481786154525,1436.2056694527726,1477.765859679684,1749.6489222472264,1109.1898064898992,921.2505928241817,820.6615572426939,797.5092062289116,742.4578039250806,646.614765868572,885.6099089050479,2065.544539287323,1032.4462191314929,1186.4201372232717,1071.5056102567773,967.9732587858824,929.0507866568395,1320.4344339542433,1269.3544702376037,1128.9772930472711,1204.942983768603,1495.6244451426091,1957.1963330733472,1477.539729641596,1377.4173393695378,1536.5359143528192,1566.7162442948506,1668.31556413363,1672.785848292316,1755.0155153343112,1736.5501552365533,1879.0972296831899,1993.0405869760882,1827.8951931380059,2070.249114229591,2012.803203267492,1931.86793032553,2027.9187948886106,2293.2250139792523,2151.699975388437,1918.522501564017,1657.8630360281725,1906.3927747577159,1712.9021907519018,1562.1790884971363,2456.8107816558963,1524.9081661887492,1417.6712110466144,1303.5479598492452,1191.02801309666,1124.491723620408,1538.2791573480692,1419.6763077290677,1724.696580950923,1575.6892414501588,1358.2902899917924,2289.823295190362,1666.433844840972,1119.926098551288,1073.543411303322,1039.334922270837,954.4046823514855,1416.264138903478,1280.7062238487988,1237.5169656739456,934.8159358177934,872.5505229052382,2343.948071938553,636.127662343014,456.5148847369385,1219.5531393176718,1023.1214405832096,822.3670918646094,594.8588574083739,967.7268770847705,942.1788884184672,699.7589308875492,622.1043773616766,2362.2176778358867,331.6906459284417,133.66405486582082,601.1524168679773,299.3223542562496,293.0121274268045,85.5046861409216,195.3127235490896,469.46723621027235,731.5109862028152,1224.307885301167,2480.557944834956,677.1321223258635,1015.8674166856091,931.8756663383845,575.4570999059339,837.4701026505965,1056.9643268891828,711.6065214471007,839.7641875855991,754.7556662684965,679.5378546414568,2163.6706743012937,519.2559057343142,387.5613843034662,318.07106957306286,311.9673238734843,1157.2269347433592,1017.1705284465743,899.3805822541208,781.8574254348454,776.9326322348649,853.0859007610102,2357.9765973182,715.2217281229199,483.1186884890204,566.0363080706269,615.9395734469589,285.81162797108374,348.69895062516474,554.9036199157355,675.1584081209189,615.1173944802948,754.817028179094,2363.4347007679094,917.3025234200329,1064.0806654091714,739.2269288825103,605.2328766086757,1122.7137370906614,1152.4410924627716,1327.2534436706476,1176.6120051571252,1484.3119172589475,1456.905515337905
Cleanlites  Recycling,2733.339266766817,2807.553205506457,880.6223475680612,1735.6464916308462,1990.3394962558748,143.06214267868438,214.75499211674793,361.21723906925587,448.88538940852897,567.9515975238997,725.8875789525932,698.7484158652837,2895.618875353889,788.3078802190773,468.7798248713328,508.4410930782055,503.25091562414536,556.0896918216677,660.4812150130764,758.7558167570404,758.8409641415425,890.5557921516814,734.0319969889438,2562.923879567427,825.185969122371,775.0636343695993,801.1834364194755,958.205728858818,1125.4441292109498,1046.0676066493595,1040.4253222470393,866.6888623257626,1122.085296781576,1084.952338685506,2578.344112851632,1176.3872452986259,1176.5639214205678,1131.0243035442918,1220.3528037450355,1350.457322473722,2374.089559106344,2297.783838546008,2105.7949981964416,2148.292055607155,1892.1669467024885,1644.873834414715,2749.527851450483,1721.404421952037,1854.209059059012,1628.9585649661258,1497.2989702647926,1599.298839007606,2195.694546321571,2010.722688905208,2505.787090833965,2431.289324805864,2200.8219230919403,2510.816073230344,2578.0456101363948,2026.6833024999419,1363.1988054044093,1674.9279927830667,1719.253910496995,1501.1849110245357,1279.2595100371625,1072.1265106201001,1079.999696755828,1361.182115996879,2594.108336264717,1089.8203859086852,894.1967511893463,842.6439990172543,634.7291662565655,758.1346880310526,732.1067755461941,439.21322420271565,1919.590133109212,1671.8613367186815,1518.297221786312,2729.465888770573,1359.7988316634478,1168.3500226440551,1360.1386706249914,1125.7869460844718,795.8339701107192,960.0117365709613,1132.3107753017546,1429.2354752267088,1545.9695629476166,2207.143897458546,2931.6977784524,1698.9980401637797,2045.4254416615202,1954.610197641997,1599.6136637798677,1855.7277361923946,2064.9590786446374,1646.3186828423673,1795.7895980339008,608.7198560604645,487.9885534624962,2605.4609354948434,591.4942134681049,652.3424885200777,744.2469973019128,808.907011385804,311.72906340299596,248.93826882341497,229.75474561693753,347.5524084099247,279.7962406891922,189.3530728405669,2872.435427839367,322.0307111178478,593.7313527027726,483.8592348600344,499.33508294418664,879.8055599233629,1146.3020126194094,1361.5391569433511,1336.442806561907,1144.0462710756312,1153.068629005877,2985.12346905386,1313.0398715980302,1487.3487604186043,904.1859881310878,798.7439425825797,1282.3810268717707,1094.0634236457215,1250.1725007706127,1005.9403663050048,1178.3027756428617,986.729060164645
Cleanlites  Recycling 2,3101.1620808960106,2912.670478338496,541.8709892341907,1175.335961586599,1429.6206422292203,497.1729709784963,349.56341850209554,234.32948599745168,165.17916422429218,160.7629670997388,296.57528692767556,141.5098187228386,2955.812965081337,241.14751613665536,331.9539451249369,187.8617587560522,90.68892165267154,26.8888629591967,421.66690657055375,373.97220566710564,266.83269484373005,387.6408607819895,605.1909324115995,2760.4246046539665,574.5209448196629,474.9794487043376,638.6271912563442,668.5195330939216,788.4055204083103,774.8459280372473,852.0078924556194,865.4698316398407,976.9436646737423,1126.006264879307,2691.189108867002,1193.71137787599,1119.6750765150052,1033.6796232968584,1129.2084086144407,1434.5209012069702,2740.6522190613664,2598.191639743294,2369.687065535364,2500.9190514211564,2259.694571678368,2036.64679110109,3096.6681775228362,2074.6608377609596,2113.5619667758374,1924.9806025152218,1792.587991420435,1827.4605972985046,2356.9550645917966,2201.974948957904,2597.4937561828892,2468.5161810091904,2245.5233919379184,2881.1806206111014,2568.7152978839495,2019.2803889524064,1654.4241422855707,1828.9735447496746,1803.7189397846494,1883.980972162555,1677.4314621579813,1509.4077930023393,1398.4238571907915,1563.8969181814698,2955.040660348425,1271.0413946281199,1027.2508432383943,1326.2425592457155,1091.0638497907016,1101.7760613061432,958.3982617477815,905.688022889613,1843.480792076541,1602.7078301908925,1510.528105139845,3045.0502206720257,1222.2336290337616,1026.5815268958086,1427.0900772490322,1127.1900842917844,811.9628550386469,818.178028837189,897.1953611356006,1135.9438587046986,1144.0424149727014,2122.282704696368,3213.1755912092062,1561.5094919816913,1877.759332669199,1808.198337309142,1359.8572330022362,1585.053539061938,1764.8997407101026,1304.4086075310677,1456.3642154706572,939.1041204299129,765.0746390436616,2885.301510779909,743.435085749501,650.3106414101048,597.704161708683,592.3154449257868,866.4709053845161,767.1398616512677,671.1663972357406,692.7706231632264,579.8483744622405,540.43450606933,3122.4750526525063,468.09910096110286,454.80314542152234,450.8146409408863,335.1258241984537,635.5144183547726,829.1160198082848,986.8727452708649,899.9313060818955,700.8452805345448,657.5666496994853,3180.482860452926,790.4970587346456,955.1339090244211,398.097488956314,373.1531578636468,723.4361536021379,537.6458353682681,704.3251908934592,463.74272666821537,700.8544653421932,588.4962926688212
Cleanlites  Recycling 3,2185.592277216432,2287.394416157403,1400.9569357858434,2023.65855121394,2297.0623706581187,703.5192841600124,658.6419489252586,717.7291520393123,786.2096565757362,859.5712992289291,941.928313518729,1050.9268480882279,2395.361959618302,1187.926603496793,999.4916097507818,988.6488928230201,936.4542528837384,959.0602732629943,1193.0097987449715,1256.0830282685827,1205.5488604827278,1333.750894682361,1290.0161717524643,2013.0809903797333,1365.6312464251134,1300.80694431978,1355.4284616327288,1495.1430429399122,1654.5706334660701,1589.7115381605927,1596.94225504257,1425.8383694009126,1682.7367694191778,1633.504345900108,2057.8729517382008,1726.8510399413476,1735.9323578667575,1692.400196116364,1781.2883149103911,1880.7521396606116,1824.8748404032729,1736.5231846636837,1545.9898703329227,1594.1639057153636,1341.358392373948,1102.579043528072,2195.7221838824476,1165.6204139784259,1296.090540188403,1067.8136221009445,936.5949793606158,1051.5056095176883,1661.088129122781,1468.12394118739,1996.242838594515,1952.692041288126,1724.344840657894,1963.3420909664503,2124.4269793981607,1591.5711594951613,803.7653055381948,1155.8270872599617,1237.816696246194,953.7711277709645,737.5450446582366,560.3644220207852,519.5357415340528,831.0012888649493,2043.7406120885762,594.5009701907184,484.3779823579383,413.09447976595334,182.43665880236117,199.69390634812393,286.64894402962085,171.20240465952168,1543.4598258809467,1309.4702019921908,1119.6299994400574,2169.9152595889054,1099.9492249508214,951.8288675254012,918.7055486000039,780.1908568070855,555.5284263809085,807.1726581825205,1018.616513318287,1315.364537879095,1539.2658957658691,1821.7041753966528,2370.239824380981,1394.5992127167483,1740.2412063825418,1636.5055642060083,1405.8056627625647,1666.7529145234994,1890.448894413323,1556.7254868259351,1687.6961167704835,100.79999020387625,213.418405947923,2044.0272105246602,349.2907310598588,530.0657309235919,701.3521782492221,796.3172445289206,433.9426302046258,348.497996079801,334.38516281965354,258.6820104769085,372.91989118790866,437.9666350706501,2312.365607122185,482.1793211764254,656.1389066420794,565.4248337090856,677.8750282121017,860.4001200030166,1113.283799899553,1348.380546755359,1401.2673470453049,1250.0975745058017,1324.8271613704069,2433.5385082088615,1507.110532410364,1684.6275691146766,1137.6271883694517,981.2583931855607,1579.4940602013455,1461.599716033902,1640.4698221928345,1407.9055619239232,1644.1814883098787,1490.243882242214
Cleanlites  Recycling 4,3546.3801512822956,3190.776165172887,537.3589679022099,694.5255116393417,929.1030927555834,985.0739861813307,863.1347536076518,746.5309647699837,666.0646027042321,586.8039651550213,552.4374948138344,395.4417260905196,3198.528752119603,281.6164715808069,704.0195433065904,586.4674979739932,566.6969880552258,515.6965135211229,630.0242879151294,462.85883374486184,345.2733996916197,251.69956321078297,788.484734048144,3107.406525467936,655.8667124522793,572.5417971527562,773.4130838590773,648.3715361373238,648.9987269565269,727.3062932314148,869.1246399651561,1050.3576401981963,1000.2156140889474,1283.0681431157402,2981.0124847186166,1318.557413020879,1193.3670689697708,1089.030940799885,1168.9838256943492,1580.0021593232166,3188.996115698241,3012.302175047053,2767.352645460461,2945.120028740008,2714.979158537056,2506.4927824026954,3530.4407757575236,2526.2942214273294,2515.279575255325,2351.8447685340893,2223.0781047144737,2221.340793064243,2690.746691063449,2560.2839069209676,2874.663985222451,2708.9035693595993,2500.6846859559423,3329.9715443353057,2768.132329868057,2245.3779910407843,2087.645334333138,2179.0459139352997,2109.7705324003987,2352.532889275415,2156.0506938855397,2004.3639615570899,1853.5977507183943,1956.0201374696535,3397.9848927847247,1670.8799008729472,1426.299323372217,1835.214198984349,1597.6453009102975,1579.2506060545352,1405.3449054202324,1417.033959100107,2024.3936301071892,1808.3796680375906,1772.3152896197264,3461.209426992239,1413.3025596643176,1246.616669840612,1748.0747264988522,1437.7236734386436,1183.7002458482805,1084.3784412643251,1060.6384472902143,1184.684878358942,1045.9120245818515,2278.181052751029,3606.331443005982,1712.0708621861136,1973.3327029054062,1929.132765702983,1433.422024489799,1598.8323886283101,1728.451611817472,1265.77088371171,1401.464807536585,1421.585742714091,1247.1862693606042,3282.360292394229,1189.5542083106825,1049.7938395795748,928.7347484103605,872.4586298592429,1379.0372985327067,1282.6902491388876,1185.1025605274417,1195.2235547873322,1085.434502173002,1054.1255063922445,3496.965370123911,965.306674057676,849.6749247393059,899.2028883621349,777.6984031683564,873.8961359448349,922.0642414109176,961.4605661170682,797.7587521528619,654.4939225467174,517.5339338187275,3517.423797955071,520.8707901001541,616.6333074331649,416.48048293737537,562.5767086524035,291.13069478136487,32.06389909741849,195.6464249627522,93.42500837154613,355.2077094594075,460.278271450882
Cleanlites  Recycling 5,2999.7840654528554,2947.82151934066,586.3066800692217,1438.6477459832545,1685.755425050547,227.68924616837893,157.2755921060283,199.41608261501904,243.23474842666397,351.828812848479,522.7026450990718,414.76187184854047,3012.6766402204657,477.6214252567534,194.26612812543704,188.803590903193,196.4078439432981,260.35675501627554,381.84605563247624,447.8736220238776,439.0933089929229,570.5907607042061,511.3761475347804,2749.0864383077464,556.9706950310008,486.3464915858721,568.2184789981021,682.9811247128317,839.8937805376144,781.0527683422101,809.2754421226554,722.7974823491361,914.0203328828313,975.2660691508823,2721.405172121548,1055.7420871192016,1014.8994852382544,946.8227763941419,1042.1563052601166,1273.2791889110956,2638.8562837575173,2532.392132621893,2321.9421048319746,2406.0246969419145,2155.2323797849244,1917.139711857245,3007.075084653028,1977.0274933345572,2066.312047324333,1856.9333359048815,1723.5801440311375,1793.3567905491068,2361.2576695073744,2190.133305557738,2637.3487115267994,2533.3703245663064,2305.1814423512537,2777.6826296459726,2655.8229254025414,2101.153128385532,1585.867311254419,1831.801082913622,1839.9337329898938,1768.5243271904853,1551.5900548769187,1359.5617378712889,1311.781264448287,1538.8601169230278,2857.181515194859,1250.4221681462373,1021.8309169146265,1146.750451386987,924.5824093675366,995.120715249458,904.2253982093723,729.0083916611537,1954.8058103496764,1707.7597290859405,1585.7903210210393,2972.8516785462602,1351.2737009845382,1152.2287101564136,1465.4928687959632,1188.9129497788736,851.8865874325109,935.4770535359232,1061.5213846930492,1331.6512567468337,1382.9503222140327,2240.2594827977937,3160.0516265332776,1696.6676490860048,2029.8032814259693,1950.3255077805788,1536.545543465318,1777.4487928249337,1970.6684124455817,1522.2985947263105,1674.8481311443745,832.7995420623683,673.203782480614,2831.8203378781845,710.7554291450343,685.6297709044975,702.1867202299466,732.2266022585826,631.4880526298411,557.8185208967107,492.6653665255789,560.963088095263,451.10605707614593,376.80498813176865,3085.6939214769427,387.50016584041373,536.95381370272,470.54592681940625,404.66706868970937,792.2752837456094,1028.1360853404863,1213.3829451210304,1148.5685069900471,949.01219156212,922.8903883941044,3172.134509753738,1062.8098143935129,1228.7649192131005,663.2822650897766,602.8982620805746,990.9282048772926,784.8202650295599,934.0213397492275,690.111609813302,860.5765412105508,680.6881746339454
"Dynamic Lifecycle Innovation, Wisconsin Headquarters:",2365.163213930674,2415.1909285634356,1220.4908216400058,1868.9811116175288,2140.080345160494,537.6989116064461,478.0425349380438,538.641296359978,610.0269562047333,690.2679810794066,786.9233524500362,877.934112664598,2510.9970778097795,1011.3594908090178,821.2021559555791,807.4561931141021,755.9787338532998,780.3625959668007,1014.1705519559492,1074.912525807757,1025.5537054758922,1154.3803243134919,1117.044496411233,2163.4188312450833,1187.5795350259937,1120.9344107343557,1181.3937191112989,1316.2508030501633,1474.5181102405825,1411.8744455186934,1423.615587435715,1265.7888337212364,1513.261667300105,1483.2454371602805,2185.6673245948723,1575.2188549862483,1575.4112739087848,1527.205648658274,1617.7133903931804,1742.2162982349885,2004.2624014069725,1907.3970478992833,1709.0090816570603,1772.140485049922,1520.6444338365563,1283.4512830697777,2373.498391214139,1343.2417256229062,1456.3189224659004,1234.9178072325142,1102.3925897713189,1199.7871128379081,1798.4955554962871,1611.821158754317,2116.968175650236,2055.2722105786515,1825.1465185180955,2143.0515558081524,2214.1549678384285,1669.9160355341899,966.8605372858677,1281.2684400827861,1339.604674271042,1134.1409980290084,918.6698051198654,738.5630261122895,685.8315422293988,963.8237701414216,2222.7336709193632,700.2619718099928,532.3218928469846,565.6883919450851,326.24811680808875,364.5103789907258,347.96870111038066,176.69215141048977,1593.02350492575,1350.5914421939233,1175.9799956273882,2343.885249788637,1093.178450677943,923.7544134533556,995.1291141142117,803.9563248915752,518.1665506695549,748.983141473996,954.364051589069,1258.282825670177,1451.8672288893176,1877.317047147161,2539.2995305121235,1411.0865327667864,1760.3927231479452,1661.2173181048163,1378.6284554582696,1641.1170385832434,1861.7831860998208,1495.4068654293105,1634.1262581179858,209.41309539199153,129.09826803666803,2212.098956077464,286.7374204864611,439.867800734429,598.7018859715744,690.1126815534878,363.95835850080687,236.70856291740745,170.5689826555092,78.73172687648527,192.54721550826187,258.17520996307616,2475.6063581205412,308.06413176116433,519.6888864630679,415.7531491174828,518.0008602919997,759.4592920434833,1025.444464833157,1259.7984797867116,1291.51596855895,1126.864595223342,1187.4624646336,2585.598606365125,1367.4258249973366,1546.1817132780375,984.175504972053,833.9255103533989,1420.2206452329015,1290.5668560384775,1467.4795568418444,1232.4459494176974,1464.0562490795905,1309.0686433504502
"Echo Environmental, LLC",2636.31309000801,1878.322938818525,1797.3539214969414,1480.5008737525404,1721.5973439015306,1595.9245869986803,1400.240371001281,1281.0526827948322,1238.723485804654,1155.2296163930707,1013.6480034013879,1245.6773317518857,1844.8770890256103,1367.3351731131831,1621.9035375577364,1490.0763730798305,1385.4522838219323,1332.8457740565311,1725.4765031258517,1639.6785877408806,1482.2059604151,1523.9076110684123,1911.0322778079424,1923.7205052008521,1863.4383087529573,1759.7024631727315,1941.329629027211,1930.4138965199097,2000.3911015421716,2032.7896935987144,2137.599726093598,2169.237478712408,2268.324647765835,2429.497812268686,1694.6978316154007,2499.3590332183926,2423.184265442041,2333.3550037798414,2427.5822456027818,2736.2456454711773,2325.430005968525,2030.0956052128004,1757.5060208489906,2090.8848596803978,1946.0153810490538,1853.1865780124235,2574.4965692444944,1772.1307591388033,1556.909325952734,1522.0774435757628,1439.5379121250191,1295.6864951966593,1511.567517410506,1459.0255167227194,1574.1894223585518,1367.500974427626,1189.5467333570275,2454.4518344014523,1388.5182706756268,912.0906739410889,1354.207805468676,1122.02251577895,948.9521316420704,1724.4820998934626,1638.9146940655883,1650.3346615763694,1306.2540419274512,1102.7056153356782,2490.519918564048,973.8828010738331,889.1029146221474,1680.7676705303516,1505.6967132410807,1279.321837454441,1065.58915542555,1469.5517573167056,654.4855765269922,497.89611475205163,594.7308937367428,2445.8276670224777,266.4057851354063,388.42986108100285,745.5000021610821,607.1883456245736,793.977641737378,576.9126744757135,415.66561540737854,222.69061185687698,518.3031319693722,884.4374942662669,2508.7326160279863,336.0564996800269,580.9547887013928,530.9882593799922,67.44875685450711,329.89999920667367,552.2392981898342,339.61603441445754,401.5289657719685,1240.8928982163513,1184.2149679793442,2218.6423536488874,1024.6024053781916,894.3225883229511,793.770175302908,746.2917792640537,1665.6399372951712,1525.7007864862596,1407.573015139072,1290.281624200351,1283.2419988586735,1356.0781308863482,2355.0999154038027,1212.9226926549052,954.95121487022,1054.380870715505,1078.102405347176,684.9930452281948,490.169253577854,467.41521276405354,655.883203290113,745.7488381061422,892.7067100604818,2289.4869662440346,983.2445309434247,1060.8825258353022,1016.725356975344,945.499969332037,1258.0927283000933,1383.9010294964248,1527.914505975555,1448.597276403692,1752.2804903313142,1787.8126491207322
EcoTech Recycling,227.97571933360126,1301.4109554395063,3697.6847358151867,4016.7881243931024,4285.603445826617,3004.6792707611266,2958.082690187754,2987.6974495608383,3036.028361785001,3069.1722243091804,3074.175097904092,3264.1231939251584,1534.24413878117,3417.5693550877936,3303.887996874371,3278.3900894167855,3210.040234205823,3215.7797523616046,3496.4242846295474,3544.0190380561044,3466.098130342841,3583.3916464574227,3594.715740298366,866.7007686138686,3670.268372348738,3601.0714771834378,3660.783265893419,3798.230349592184,3953.1879387213644,3894.595676620571,3901.561990662799,3707.8587294646577,3982.032198645602,3884.5481397173285,1267.8086201581282,3979.763816206125,4014.7276009452403,3983.139840873495,4067.448636135722,4082.4369925170186,506.9048310541099,622.4630199350116,888.7487598827108,713.7847401136065,972.7715052850165,1230.0756729876416,123.66236616836132,1140.5058966554027,1123.3765261875965,1276.5183749863863,1407.671868202665,1417.7794908377168,1176.6242456549187,1181.650275284737,1373.8539376304686,1622.0144509893835,1629.3061154326508,394.3069353981202,1823.5480900669777,1865.4613669271916,1545.3866162596562,1527.713235375577,1690.411343925564,1364.1153816225622,1588.1068205913443,1813.3993050908769,1806.0690905523938,1678.1463028383012,296.279360859433,1956.572595692474,2200.353343575739,2075.846198112738,2236.1196379457933,2120.2407035802535,2240.9896988561723,2425.6692906605253,2125.436581919956,2160.051518757176,2047.6626210741042,199.4632560087401,2433.640172230877,2505.6547461223436,1956.0956940901867,2241.7842017683415,2444.547448466999,2589.4792448995313,2707.1008302589835,2815.0863192129596,3141.4904964495768,2130.131127018591,355.54034587027127,2357.0088588339436,2436.099719977251,2361.3918153498635,2666.875327827443,2777.8633465904068,2920.876227563961,2976.6584140370333,2998.73878111327,2282.8075425133197,2447.9292064216756,447.74941937340634,2456.8442430655823,2578.357522486402,2701.651188271123,2769.2193841796793,2640.8739398534326,2623.69416662472,2639.391706109939,2554.6035614817606,2664.60466036276,2740.6401073074503,534.3131054554883,2747.5491467320066,2780.8989252415504,2752.1105701790807,2873.239039379866,2786.7334399335236,2875.495087306303,3024.21046406629,3187.8475337987174,3155.854459161584,3294.5796840638045,852.5948947708664,3457.6751262255916,3597.0648020814383,3231.0666982205794,3070.934139830948,3653.4366941354533,3632.475862207424,3816.6818992197773,3617.56970642728,3895.7528591354103,3775.8812610841624
Electronic Recycling & IT Asset Disposition Services,1241.5368222409827,291.08327495650104,3619.8932420686,3596.698542520475,3838.682458193397,3058.5066408525295,2944.1594263120196,2917.444890239091,2935.490141968859,2924.493568207475,2867.7926790921333,3097.364766526041,493.4029611016312,3250.7724089306844,3284.7018429679256,3211.9223512962385,3120.5762290538987,3102.2877244492965,3458.884187006662,3452.7618977419806,3333.1530951096383,3425.092050711377,3602.7674643287014,408.810643015514,3631.6514626535422,3542.011332296009,3659.0715864145327,3741.9056688375204,3867.7439781642124,3847.201851008911,3897.9733739120575,3785.8695343895142,4005.517709448838,4010.4068188327483,423.022752950801,4101.827250028813,4092.648903530295,4034.2489359412084,4128.105089734797,4266.103512227447,1240.0477056645373,936.1160906994745,935.2410782943941,1230.0263410784214,1405.8457581380974,1622.1517302267484,1108.397832098277,1450.6856654097357,1132.107093375737,1382.8426529880624,1492.5122264000177,1335.2845934547804,731.0997095973553,917.5818412180013,546.5365909494072,786.2983825808843,928.8287085802484,1248.4621646610676,901.4551654437354,1208.2576465196018,1604.8119462587151,1259.7082412292093,1282.5150807851899,1674.730771711112,1856.0081641210138,2084.154097441861,1882.1486672386307,1564.3907727843487,1188.0122737047614,1843.8701322198472,2070.286021417025,2338.267805956083,2399.342228377663,2187.183987745751,2199.1134285738176,2546.897569941531,1479.4603883997418,1627.090630993283,1620.0978043555556,911.137055734695,2001.3912018516023,2146.847631313938,1655.0264523088927,1962.5170242320428,2267.8075162046935,2307.7439751743664,2343.014302802469,2332.4802675887026,2631.993409997111,1354.8219956476953,725.4044696113522,1785.2844306751983,1717.972370913878,1681.354402032197,2119.4883766365833,2135.094778153811,2212.2327555938687,2418.8575771635647,2388.842068771158,2320.5571986916407,2442.628950536693,723.560735668919,2380.8482001161824,2431.8258718124944,2494.227022982789,2529.410242847333,2805.424064101998,2734.149128245546,2698.0026349825343,2579.158162494293,2666.9480678993555,2758.09057977291,530.7636540822361,2704.7086436445334,2624.873691052398,2642.966325710197,2747.5967158962153,2517.908980144503,2501.238910492439,2573.5996262365315,2759.409637740897,2796.3114394249947,2948.042175533708,240.98411722484582,3075.5281418600935,3173.798564730155,2972.958317317072,2836.040131826822,3326.654224062761,3385.3234724605386,3556.833492865427,3409.438985986689,3715.4237339331885,3663.499238607201
Electronic Recycling & IT Asset Disposition Services 2,90.6828365451411,1408.500374778844,3645.278085421981,4007.2820427218962,4278.360174202384,2941.3605624448783,2903.614890018781,2940.042697171666,2991.7539496185327,3030.234470483426,3043.1875318670977,3226.256534670817,1643.18366156052,3378.4464554623078,3247.03703185536,3227.6408338350534,3162.766306125028,3171.50672030211,3440.398721007416,3494.3477858785527,3422.2702583522373,3541.93433334869,3532.423266768945,952.977050287957,3613.189302638685,3546.9817248025847,3599.248255379938,3742.5227197973495,3900.1578074908953,3837.209643611024,3838.799583731598,3636.472811217069,3915.571172644798,3806.6006935528444,1357.749997918899,3901.766877401473,3941.665948831299,3913.391840610173,3996.1409086805274,3996.990587519559,424.8961752500011,625.1815180384821,897.7374979317708,655.637116102158,906.5772071493778,1156.4436235880185,87.05923351722682,1084.1996917431936,1115.408844965996,1244.061806040264,1371.972029446973,1405.4275887479005,1227.1724343340352,1208.3544277535427,1457.5803448483796,1699.2679102271059,1689.2719502461653,293.72169943488365,1908.7727458018826,1913.6025708956895,1507.774161746153,1535.8355783418006,1710.9529135026253,1297.2515935050021,1519.9110982285722,1739.2317551413719,1758.1576102157292,1659.8074970298724,204.39061582867274,1930.2544624553934,2171.171252596849,1997.8827011805886,2168.2135483368315,2066.6877359735026,2199.4773012920464,2360.3581201399215,2166.7464316110554,2185.3896960609814,2061.177585791369,279.70494878038966,2440.6918538640366,2501.724131253932,1954.915417225192,2231.5979723808064,2417.364593903662,2574.0552593802818,2701.1364812217885,2823.989069004758,3150.8480043161676,2189.357912538337,490.6119342176954,2384.2723018833854,2482.86612085567,2403.6960144108243,2686.519165128871,2809.787481243797,2961.131999670048,2994.3906691272314,3023.726978498134,2230.240147019078,2398.398786849537,520.7853765287891,2416.31459696527,2545.2819584481995,2674.925935911737,2745.9228012832054,2567.6105046113285,2557.277344175484,2579.257373745818,2499.8112531978627,2611.263493470945,2684.5109635905715,658.5167284824312,2698.9722912288453,2746.494540614704,2711.9773484670923,2833.8571524946365,2767.062699660819,2868.9062521034953,3026.4776368911607,3185.5099067552046,3144.417476357365,3280.1459011879792,980.0300986660988,3446.7321659672734,3590.7209156372737,3205.4011734172223,3043.711187203697,3633.5502111899395,3602.174570267296,3786.795056219754,3582.285916198044,3855.040328721621,3727.297058192333
Electronic Recycling & IT Asset Disposition Services 3,1771.2296896338623,479.1670741488496,3101.9578058818433,2910.131314565656,3137.660953891075,2652.3609108497326,2502.5204357621224,2442.131390087017,2440.2158440854296,2403.1891286828472,2313.621639050901,2553.0686334392344,407.90087437040404,2698.732414011936,2818.0534989905145,2720.526854993617,2620.529367379581,2588.906547646561,2971.9354847922255,2934.4292787948984,2796.4124776959334,2869.9502106314876,3136.4079276884636,791.0226506380601,3136.02970127249,3038.373452983824,3184.2099717006,3231.301993704201,3335.7787972919027,3337.5986077272673,3411.9285691837313,3354.1183419399813,3531.3549528993944,3598.933021044988,394.5054503308914,3684.2324227911845,3648.0287305759457,3575.56369662952,3671.630691353465,3881.302781177634,1620.415583482076,1247.0990509361588,1066.7504924739978,1492.184875501737,1546.521395031374,1666.5607721200215,1655.9173860718083,1492.8295688756252,1101.5465074831257,1304.9599905613893,1357.911344183953,1131.4259218517973,631.0948956988584,808.4332918434844,284.3232238757868,108.45293949992994,336.3321949168436,1689.7908931754278,167.13535550560056,549.1322292746161,1415.360004827942,933.7304488949685,822.9621295452251,1647.7971748300172,1754.221230652777,1939.4402719601885,1635.742674912988,1254.6145743350362,1667.3004133158177,1466.8414537814838,1641.6311074043977,2148.0880741589003,2130.570150819297,1879.834309776053,1813.5069566457596,2231.269902306296,783.0167466146835,984.8837335693529,1053.602109526584,1466.3860665755888,1380.182731656126,1556.5607431284209,1176.6560274560518,1445.8852599512054,1781.6725400331263,1750.0250209682579,1733.0434170310277,1659.5191790134909,1934.1881267407468,603.5672059178972,1383.2748547774265,1102.1933316248085,972.199872935193,951.3871718323069,1426.401452673812,1401.6737579618705,1458.8614971070772,1708.3682194214882,1659.7680515042575,1974.0680605467962,2051.8165599401686,1221.1286099194224,1949.197117144491,1948.2107771694061,1966.1772980758758,1978.6243204423963,2493.8111711641445,2392.1058114274615,2324.2589461966604,2194.031256460546,2258.5116824767715,2351.5271745289983,1186.6144315623726,2263.280350938564,2118.009200999841,2164.1583604688017,2250.091285069267,1950.5992401611209,1874.9762397282757,1904.499966901986,2093.0091512698805,2162.1107369851306,2313.695853393667,986.2276815758735,2419.114506033415,2495.9862782927394,2383.8484512220502,2267.355344691334,2687.945208614666,2784.1619586535417,2943.2608990065996,2827.8296903012547,3137.28751026551,3124.1640824146375
Electronic Recycling & IT Asset Disposition Services 4,2619.0170927695776,1859.515860769265,1810.131841959091,1499.3867837132557,1740.6081238596485,1601.629827872301,1406.5296781568084,1288.5861345374074,1247.3276833439497,1165.0629452960886,1024.9056684932539,1257.7707044614003,1826.5868653173552,1380.4818736732727,1631.2966441236938,1500.1869356360462,1395.477808414819,1343.4061530737326,1736.453631631569,1651.9743246610378,1494.9201355138914,1537.7616676169334,1921.6794118667863,1904.829202373427,1875.3391230559769,1771.6598110783787,1952.4883705452148,1943.2075344387756,2014.2884239352657,2045.7864385884109,2149.818631617489,2179.157409227444,2280.3470817627976,2439.323626394625,1675.7250798865439,2509.6173096753473,2434.3505232419197,2344.886110487235,2439.2367772502826,2745.79138431871,2308.790627890767,2012.560377538988,1739.949032607784,2074.5757379182255,1930.87913726503,1839.6935941875356,2556.8447396203987,1757.5001209489617,1540.1570679707925,1507.020673582301,1425.356771606265,1279.9062184710062,1492.8141293926249,1440.893533548178,1555.259563645598,1348.8850174311572,1170.603035432731,2437.591309269329,1370.865881419521,893.2195338877584,1341.0764895322407,1104.8906717736343,930.8727251531526,1711.6542155304753,1627.9435166824526,1641.7376949595293,1296.345306297344,1088.7621073103808,2473.336405682248,963.7026649123458,883.2456571440007,1675.0163138001476,1501.8718847863568,1273.7648731362485,1061.4068770230454,1468.202274920862,636.0867699846947,478.9493049949192,577.5384431445538,2427.770096049032,256.61340857359573,387.422281124747,730.9766200196008,598.9841104642492,793.2608064532975,580.0534221300309,423.9642570748283,240.68975773322407,537.2787935042071,867.620033731709,2490.1185025202817,317.4494624010459,567.5303995120792,515.3838052692088,71.49710238887036,331.27030026397216,554.7385353216283,356.84845619541323,414.6165163065625,1237.700457072373,1183.6300793105208,2200.333064470939,1024.3012100598219,896.604659429886,799.1822878926542,753.6338557904191,1666.438664707457,1526.790414289622,1409.2976721552268,1291.1509601430332,1285.8011559250479,1359.4621341775744,2336.3002137301546,1217.0881327360098,961.1230014308899,1059.4321999931974,1085.1852286192177,693.2835949391406,503.56694869642547,485.5749798220099,674.0747577107212,761.9613671921171,909.370953617854,2270.4670726243057,1001.2133378851465,1079.606634176643,1030.7310927055576,957.4183986159961,1275.5288819879129,1399.7727475974664,1544.5688985399122,1463.6235678216533,1767.726998117096,1801.5814989629919
Electronic Recycling & IT Asset Disposition Services 5,2927.3013531258216,2750.0983917055482,708.1532503416411,1281.9568289131416,1546.0263231584374,456.78749724052693,265.4110345389338,114.61115410180352,36.75442510762647,92.78413383518902,256.16866975921306,264.51946666511583,2799.322899105705,403.1700944630841,423.5539558174257,309.7612280282058,210.359186810578,194.1022092076574,561.0376633278466,541.7563745333895,442.1574417637902,560.5200349267709,731.6405614691787,2588.7671139489225,726.5121284759771,632.0924314069337,774.915894617219,830.5786344889373,958.6952827708134,936.3695878207798,1001.1569261249756,974.3815256629728,1120.7776097111428,1232.799620145113,2527.209843557614,1307.6267184236174,1248.6054842328751,1169.2532024017098,1265.4314796944177,1536.7541288506936,2566.989648372117,2422.796637500142,2194.6158595635825,2326.7571752465456,2086.638058634819,1865.9660169028307,2921.9194977880284,1901.0382082181964,1938.4359476148388,1749.6722479548496,1617.3400683805896,1652.8637275689082,2187.367844038489,2029.835678084181,2435.818305690081,2314.0173632651995,2089.0501899663163,2707.6182213254297,2422.2969882655175,1870.0101541431222,1479.2165224350965,1658.4917939753536,1639.9173694859214,1712.8938451137003,1508.6589422266807,1347.1511393316528,1224.626677268217,1389.714720537363,2780.92547374145,1096.795651662834,853.8043092963884,1175.8806823688703,937.8494030867388,931.762693632413,783.2942926578987,759.964286590538,1706.1847776170198,1461.9236382883864,1357.5490274829879,2869.686718101428,1091.8746386057242,893.3540713831126,1262.828305945218,968.0395520843516,644.6254661278756,678.9137010057846,787.3792648562548,1052.2382561737932,1108.8690669796058,1988.701133669034,3038.0574410798404,1435.6960927499763,1762.5815490217626,1686.9244055662318,1260.710760211545,1498.88210329713,1690.845974095176,1242.746199788322,1395.2531902681592,770.278117792568,595.5225541689222,2710.123038714086,568.0697769709069,480.2145824550576,449.0551691437715,463.09069631901946,759.2187262896833,643.7353469802594,534.2060350776702,535.2758405195859,426.1195022019568,404.6353414315431,2948.2734390816895,305.5472509133495,293.1234929555998,275.88283922881897,164.38222159696858,518.3087476389993,748.218740697598,935.7580494391045,881.3736017789208,683.6044217871671,679.152752545419,3009.4806361305914,837.7202528011676,1012.5834320566003,428.89571299974233,333.9589599505164,827.4240438674793,677.679204502795,854.0948135237052,621.0849913690952,873.8768069142029,762.2263715416407
Electronic Recycling & IT Asset Disposition Services 6,3735.873402910194,3466.5806421649536,335.70403924567285,854.7719841948347,1029.2937006841412,1002.0655982889823,938.3207484337224,861.987348897779,800.7166775931361,762.1746600388132,787.9700263055892,570.086383246008,3484.330602044972,414.7365668292699,671.0062303244738,609.8217628760067,643.711863962514,622.4031953459997,521.4091703424943,369.7590837165136,373.78338574826745,248.10311401361915,619.8894289813497,3357.200179328829,462.69221304506834,419.78381714864986,581.0643869495937,401.676019059756,351.94083290325614,454.373943271173,606.1032713677196,845.3231668110783,728.9871590743002,1048.1255544203675,3252.538291464307,1068.347302329854,929.4414871324424,823.9399868907403,894.3922608089669,1328.4297586782618,3375.591593649431,3225.138740157051,2990.171409876273,3135.2011031292072,2895.0653622325217,2671.8803769362967,3729.4588755825903,2709.6378607015477,2735.088222675098,2554.7308899843133,2423.082679138681,2444.893739575869,2945.116954978728,2803.404800354094,3149.9363766872925,2994.0013539906986,2781.155276122455,3516.216617394209,3062.6641179684425,2532.257268937942,2285.3506090508536,2424.4747964600724,2372.4139516082178,2519.38397222693,2311.662920148649,2137.542559124622,2033.2282707699662,2179.4910685284954,3589.383647174124,1888.4727340813968,1642.4666574084017,1939.6273508743946,1710.5373334672588,1736.9773152774776,1590.5567211901014,1518.5034874531782,2319.793014209266,2097.511676088209,2046.9820553362515,3673.19277466977,1702.1147578359428,1526.505671900249,2002.8509481711776,1693.2946631201703,1410.5279426445584,1348.4034224679883,1349.7496864836326,1492.2758751417416,1356.8889397751407,2578.8794904286347,3833.2020886821206,2010.9948879070662,2280.543254564211,2233.3847403877585,1740.4341060324005,1910.2119983427717,2039.8739217149562,1577.5807078805626,1712.8777604725424,1573.926800830089,1400.3330610839837,3506.4493411402577,1374.0842615401352,1260.5942554953247,1166.2656198994882,1125.5324896783127,1426.1693655877814,1355.74966596063,1280.2124264143501,1320.936875210251,1206.7804267493354,1153.8464944901136,3734.1227188475473,1101.6679477957105,1057.2604599325603,1078.6283352693208,957.5907551914355,1139.5296563886234,1220.6174020416174,1272.3218850440473,1109.535643574829,963.0331813620797,828.9753587531458,3772.441202492582,824.2890951321513,896.0402641103115,698.1112340267858,820.1545551533109,561.9357873888331,333.4941285157361,288.9093333219012,255.1337341530992,65.29205463726149,213.40764784646072
Electronic Recycling & IT Asset Disposition Services 7,3764.407486220734,3770.847231361628,412.55889028027747,1535.8223817270743,1685.3259899634857,893.0973451062162,974.2748341332126,1005.558623444767,1003.8026985172963,1051.738373624725,1175.3028338231309,942.4280347705406,3829.3612120849657,835.8128798656578,632.587925172355,724.0328720769564,826.0190580879612,865.7054488856022,473.25737716097325,551.6611244500638,714.2769471482478,714.8235187543646,314.0645650964512,3572.014575686114,324.53789172753903,428.46942281177905,259.93792811209744,293.4779377236553,363.7420451916412,234.00621856250055,81.19246853377042,254.99541652300996,88.78553284456324,370.51401247817483,3545.1488046977233,383.3175669797517,252.05788442262542,149.97407363352477,240.60396864963917,643.8296284340465,3406.520591892099,3332.344395410885,3133.5912451629492,3183.231705282401,2926.0379430776943,2675.5480087101205,3783.9936558956383,2757.0548100937217,2879.5437896811186,2660.8063340989243,2528.2532079736097,2612.900288627681,3186.386482161838,3013.748556170938,3459.05431724496,3346.01020141506,3119.7688821483607,3542.0447918748387,3455.8987059661063,2903.7825552877175,2392.3480526594835,2657.0248458090027,2661.3468428739025,2534.501212947747,2311.40850369948,2096.0233343311265,2111.64205561009,2361.6668110289743,3626.9104273323323,2074.8293060713245,1846.9393707715033,1848.633242510804,1663.1692710716598,1789.8487315034024,1725.0196717752174,1471.413758704583,2735.076209026762,2493.025194711975,2390.8850781255883,3765.3879958278917,2114.435083993485,1918.4748232652387,2285.3029397078035,1998.778102745632,1667.1726715532534,1708.1719123766748,1785.6558728484329,2002.7589868820369,1943.930326350937,3014.464829057686,3965.0804025496127,2453.13983291275,2764.5716316323014,2698.1832791452657,2237.735755169094,2447.3385819198043,2608.457949733504,2139.8986180221586,2286.685390970346,1633.7398813655284,1487.174738822129,3637.9864871655222,1535.9157287654048,1499.955104630016,1481.9294639092755,1484.0600680693758,1274.4866757867196,1274.034517215303,1261.833220110575,1360.9810332110098,1260.8245213152136,1174.4592107209003,3899.679236200484,1212.231722803427,1326.1958263417619,1284.0454164404516,1193.7904044931433,1527.3541288769197,1700.7827005283407,1819.8155307015313,1688.6526938391648,1507.9063043859073,1406.3954761160066,3995.193580463673,1455.2788847275763,1557.7383520187284,1193.6432152966545,1242.1145448138059,1226.504498607233,971.7979231432619,973.5406192775326,852.6801791098337,692.7037943710668,485.48890075677315
Electronic Recycling & IT Asset Disposition Services 8,3912.0648178100605,3999.1705705901672,690.7021004839412,1785.9812981105833,1915.9644443480436,1079.4073119680809,1193.179068198386,1245.2964907053356,1253.988534210975,1312.3742494872474,1443.861735864251,1214.7252536204066,4067.0779329704737,1112.8723521243285,869.5756586891945,978.7920858560949,1083.0400255403467,1128.353042157418,733.508947574502,827.5750173739052,990.8431660444728,992.7817989396042,554.4113975685781,3778.3027723509827,599.3164854750337,702.8729100643982,516.6734306017303,568.6067671532061,603.8685039497184,493.3169794915373,347.0861378304912,351.59586348991905,217.85369984754212,227.09914445880972,3771.7956857085005,168.71245160296473,41.51699061844401,128.3331068427404,61.00091846106709,395.55768128659435,3558.2739048751323,3509.29584243835,3323.2758486101397,3342.964277916809,3083.243474369975,2827.242598154359,3940.197696943098,2921.847618148319,3072.1682553312194,2844.9599642853336,2714.0210905759122,2815.242467303231,3402.4775269139222,3223.190909547402,3690.1587018556556,3587.470673446335,3359.5226501754173,3690.7707694693427,3705.5313430984656,3151.672447316906,2580.753167739433,2875.6479490664597,2893.344442944515,2692.253083123305,2468.1913672337005,2243.759273727592,2296.9224394628513,2571.1353277131498,3778.7943330508247,2289.911508028667,2070.6572699977887,1986.0238040083752,1821.9224898298148,1975.5626368844696,1934.6715276645732,1638.02077339016,2992.0788667174875,2747.9366375411123,2636.9322524318345,3933.9549652493965,2374.7961006009104,2177.383803275311,2519.696197545338,2241.5215450533838,1905.7876820662852,1964.488772404032,2051.968616591312,2276.106816903504,2222.0502602122247,3273.7541278875897,4144.596816704454,2715.9729951350246,3032.2583306202137,2963.3493419680685,2508.858998770507,2721.9392891575108,2885.264471744677,2416.871959120064,2564.0923955270605,1826.2140053938933,1692.0166860046004,3819.7651490700136,1757.497072452457,1739.0102845209642,1734.9776920166044,1743.575223086595,1415.4066290609837,1439.4726091995583,1447.737580985842,1558.495706681865,1466.8081760935916,1376.298161484036,4089.7710066849227,1434.3130849228905,1575.2511812046885,1523.013702089446,1441.4988434423262,1790.2380717206336,1972.6789433503445,2096.514843917627,1966.768243396965,1785.2315580392756,1684.648819896067,4201.070161099088,1732.030914189785,1830.685116854569,1470.0892982931439,1512.8832908419313,1497.9462076842483,1245.718599617093,1235.3016384126975,1128.3556767724535,945.8926648338918,756.901470815056
Green Century Electronics Recycling,272.2812179164611,1246.6003763655926,3688.113561790807,3990.7055438454727,4258.64956428859,3000.106264116954,2949.7525366407544,2976.5284061878992,3023.459039886196,3054.456296914964,3056.369174044775,3248.8779395639644,1479.1964965394006,3402.7415355386975,3296.3670756166243,3268.3271749477267,3198.5869598439044,3203.1075002333387,3488.460120923154,3533.3823387972557,3453.1206099602946,3569.41236628753,3589.393343946593,815.7362717052075,3662.673727488279,3592.2450682934846,3655.103865180169,3790.002263444602,3943.7757998490883,3887.0414294206334,3896.3196540136787,3706.5243170945355,3978.3853986510035,3886.1708437657253,1215.6086304425528,3981.375845965437,4014.0411239908262,3980.9607788561275,4065.944834817577,4087.5815706301014,518.8236401388554,598.6904795160086,860.4262282791627,712.6425928236399,973.0847535992968,1232.560564419059,151.42503749414556,1135.8172386483102,1099.9390984420331,1261.7048417931746,1393.7383737797236,1395.009577966808,1134.017274612846,1146.2114247701052,1322.784702492023,1572.1224374864717,1583.5006094251664,416.8083627312812,1771.9213703306964,1822.5656584758888,1531.8698440760604,1497.5398230187636,1655.901739554751,1363.1952444594426,1587.2380671938085,1814.8033126483097,1796.1878424585564,1657.013194238344,318.78170321542046,1937.9790910184927,2182.5493856524477,2078.6399349945937,2234.174856246157,2112.2513053439434,2227.9492579108455,2422.395198308306,2084.229569322374,2123.524294302949,2014.9718025831883,159.1469329386688,2402.720858067719,2478.393764960209,1928.4246053703182,2216.946190516828,2425.7450473248123,2566.2138679456643,2680.398944965148,2783.3043170165656,3109.391144780316,2084.1402872072076,301.7010401166161,2319.743227821751,2393.188821062032,2319.7490059904712,2631.7505708183294,2738.9638166060713,2879.530419663943,2941.965308262427,2961.800757805481,2274.2268620593136,2437.9323937198133,402.38502568838305,2443.2013681120948,2561.692188142123,2682.4696059821563,2748.707061866961,2640.97785339063,2620.7411119158373,2633.690756415806,2546.7014164424018,2656.0067750069097,2733.1566995531884,478.7201400826292,2736.918262306373,2764.5951905242546,2738.073322431004,2858.8206507772175,2764.8710692264426,2848.9029023520743,2994.509196010816,3159.620951571485,3130.8073332092654,3270.5301375855274,797.2804204409503,3432.3099043896214,3570.034611134216,3211.161424528481,3051.701220141531,3631.1996028922918,3614.1320150627175,3798.1056294513337,3601.1481486326566,3881.349405595078,3764.698921820747
"INTERCO TRADING, INC.",2718.7505728975757,2446.8206858628405,1008.3542004057725,1329.0825979241922,1605.0730774383155,693.0131053331336,494.6822166807281,377.29315361448283,350.025352478882,307.8437883545615,276.5706373580998,481.9624240296795,2488.7797523854692,637.3378798078961,738.855795071196,626.2951055624632,524.1692972735367,491.8302350322738,876.8146180740259,840.3364722977967,714.623900638791,810.9276210376389,1049.0902511655297,2309.3152658146987,1038.6016966532334,940.996601553172,1091.7684168935784,1135.6112054729113,1251.0357582031238,1241.9378185589421,1315.0084063384593,1289.151660017021,1436.565024994887,1546.1561920184263,2226.338922834796,1622.8035487580196,1566.0164302110609,1486.4981240411992,1582.6555507474695,1847.6488540613373,2362.3153118685004,2185.1406413130067,1943.8524828074521,2117.8273104434807,1891.4487035173086,1692.566545166788,2701.8231197959904,1701.9051255203767,1690.1357983204987,1523.2324346667372,1394.7124169009487,1397.7227545466756,1900.4944552296902,1753.9092584835364,2131.276951736432,2001.7847695497164,1778.462005537864,2503.2393902747312,2105.9362439734095,1554.5735117770387,1259.7780550962761,1376.186372267016,1339.330486811695,1538.6773296444728,1354.2663389079025,1233.1301296586469,1035.068955645367,1132.0207530634407,2570.0995054083164,843.7734754845235,598.3074236826074,1118.8643862060874,883.8755085130756,790.033073228715,589.776904414626,750.3559667471181,1388.8384334164286,1144.4807999835377,1044.0055675773663,2634.0496514536817,776.8988632597114,577.8967358340203,963.789828439003,660.7699895484346,360.52013438676505,362.1737018458065,492.87571198058384,781.5106279341386,906.880449997947,1671.7788293102803,2785.6243123920285,1121.8056302388775,1453.6678287781522,1374.698400477171,968.0570175447614,1216.9808879552954,1420.447810629983,996.0793833039593,1145.619036450428,650.0298023448283,492.4422883118259,2459.8733729757573,384.2219801837125,222.5948725282816,131.90264268158478,161.69052821103472,853.9796147152759,714.9723808186999,587.5515333915616,514.4395360031682,450.34474371604006,494.06450979475716,2684.0966572628254,341.6318503998566,59.337428615700794,175.91896094938977,172.25715340932294,230.37226078196272,496.6435354856953,718.0466099312696,722.641180197822,552.1461555909277,619.0644351486468,2726.716984565482,801.5426913929211,978.8548002441454,452.8256500928951,288.7135689851958,898.6646916540661,835.564322919798,1020.2484898238478,821.9385183963476,1113.5155478770248,1045.0611639244962
Recycle1234,1138.8807305057264,514.5534052196506,3790.2089488773636,3806.6657057548987,4051.5851666494004,3205.0106490256567,3100.24206806557,3081.7404423080875,3104.328859973127,3099.4366798133074,3050.5604769185534,3276.5710604883247,698.4714477320282,3430.9871109421224,3444.3529227573695,3378.008566356546,3289.2936625986945,3274.262694939317,3622.451093985853,3623.978076573557,3509.3642792769547,3605.2295281586053,3760.4657942177755,507.0474839233906,3796.4419390812745,3709.21513676948,3818.5840565529575,3909.8673171891373,4040.4398785491194,4014.453151402587,4059.1191638106507,3933.850449447564,4163.179639598624,4151.972786416354,640.5133680197637,4244.514336455312,4242.364948088496,4187.841686888542,4280.704038193834,4399.381669844598,1201.8222462776423,950.4955528181086,1012.4115455191882,1237.2249245889461,1443.2692684741453,1678.7383349573672,1004.0727198027109,1515.7573479367725,1237.2408267099079,1484.5364240466108,1603.4472331714394,1470.1052684663491,895.3813573167522,1060.9431695016392,766.6470732224659,1011.052347066799,1144.7532255944088,1184.618741478614,1126.0243468689866,1424.5315686107783,1724.7897882722573,1423.8413150030347,1469.5606726606693,1749.679136888499,1945.2438645149468,2178.6822721968997,2007.400066461946,1713.383346355974,1111.075286798651,1999.943988329403,2233.352562549868,2439.407017271144,2519.546796012605,2320.4991126636937,2350.5574783821016,2676.5814480061754,1697.691749308489,1836.3497383032166,1817.1422832042163,816.409070299186,2203.8598929979635,2342.2947036735104,1835.6702899053864,2145.4589539962094,2440.635719349574,2495.285012293236,2540.920340709753,2542.7289049341557,2846.14757470504,1579.9424496082063,584.246908920282,1999.8004340648733,1942.0284508991224,1903.2968586021175,2334.2127278818944,2356.7185930374953,2437.0568367965743,2635.910361534193,2609.3543193974924,2461.0013867743883,2591.8294707409646,681.1761691619923,2540.258864417646,2602.3203050178736,2673.885654338997,2713.7050540760865,2930.8583111670255,2868.025734759987,2840.069484712356,2725.331436965829,2817.6955638778672,2907.45055651248,416.689165626124,2862.868843479879,2798.75877779294,2810.350279935842,2918.3648776431255,2705.8233180210586,2701.529294197136,2782.2250138127733,2966.885634606457,2996.9182046208925,3148.1018456620077,104.76314945561337,3279.9560618290984,3382.614887376796,3162.977102970022,3022.2328087543387,3526.453488120325,3576.374972388839,3750.1942970849345,3595.8621771918647,3899.9003501945617,3838.826380550623
RecyclePVSolar,936.3799734231127,538.290431942233,3550.684679027471,3633.0165748043282,3885.7069201632085,2945.6589825722504,2848.656135234197,2837.7251312896037,2864.8844412243884,2866.8401427786107,2828.0714313928147,3048.6597944326427,768.5875584008227,3203.9320491784642,3195.097330431389,3135.00389888426,3049.212310125912,3037.749487574408,3376.448455431421,3385.773893120389,3277.1319015403246,3377.626040694741,3508.8934988467377,258.1449215429847,3551.2797161437566,3466.6139866020217,3568.492639583709,3667.6537918335425,3803.0315427453697,3771.3332259228396,3810.0949961763463,3674.3458751128314,3910.9456582787484,3887.828851007324,553.4347871130311,3980.9919905772417,3983.7265410866053,3932.2368248117455,4024.2005608804734,4130.082782708884,942.4937303032793,667.0581436849312,730.0352017705872,956.9332098848995,1157.362821755012,1392.0936066858656,804.0048989506854,1229.6309062237412,962.7834367235348,1206.9102866751334,1328.9971280378688,1210.247150609405,677.4970863831734,814.6395316835336,677.0524808655108,936.423725060817,1016.6358669476692,943.8411287057868,1103.425561849453,1289.7255797939226,1454.0400737965206,1190.614611634257,1265.9304801454678,1464.4070825483273,1662.3546689730824,1896.7180519162275,1738.1340948987927,1462.1425157700937,881.7023138958086,1752.7621581883104,1991.4478988653234,2158.9152343926635,2246.212270852422,2054.7146498007,2097.526230693385,2407.7135094909295,1565.5171907212077,1672.5001875570736,1625.8643443349738,605.958615543225,2019.8158148508119,2143.2732173183635,1617.5248494140737,1927.8249075853596,2208.180898820113,2282.1575238946434,2345.2245723252277,2375.252130563955,2688.663948140058,1493.6737695977063,446.84531541364845,1849.8443387249501,1839.6790690581304,1786.5449033886493,2181.8914380148503,2233.711179976711,2337.664761124043,2489.8884244091837,2478.6264500951306,2199.3280567091433,2336.0956821171626,421.23417091649736,2293.3960366293104,2366.4527668553997,2448.7402270305342,2494.692873408387,2659.2520831096003,2601.1271626375014,2578.423664509964,2466.8948997404846,2562.481452450294,2650.9115830687265,246.40805913117592,2613.7493231979797,2565.9608334948093,2570.3180661598694,2681.593101817037,2492.182345769595,2509.6365783300967,2608.9919356455075,2789.8106492879892,2804.2635978632184,2953.7287670043556,185.95530984074173,3094.3571453606696,3207.2711827026146,2950.7423221833237,2804.6909913993254,3330.2566589829016,3364.492498357173,3541.636403190518,3376.8669063435436,3677.4068879199385,3604.8042981308236
SolarCycle,2397.408456947342,1417.7399656800458,2311.4907110338536,1965.513126169141,2187.4852074805626,2030.9712006551115,1846.2160327640443,1744.8294517366426,1715.6459236053165,1646.029239011832,1518.4421199416665,1755.9403270155526,1352.0451763255267,1884.6680362961401,2104.573909313888,1981.2969255992057,1876.437629508987,1829.460687615451,2224.3353323923207,2150.4220663302117,1996.4203040034413,2045.1521587280477,2405.949258515565,1557.991567421567,2370.4213676438417,2267.4025505983896,2441.284613848039,2444.4837568973917,2521.553361156544,2548.2193984884434,2646.812401656276,2655.3673220598644,2775.638945702331,2913.7036970680733,1262.2350644434564,2988.361068574197,2922.0983008581693,2836.033885138264,2931.276612806208,3216.2199010095514,2131.213845359547,1790.1311900136102,1525.880215781307,1920.9337892663034,1838.1461035339016,1817.9796498637995,2313.814344624185,1693.8115293324292,1385.351693661812,1438.181286075069,1398.652081951431,1194.1959272050124,1182.2617813046966,1198.7433953675168,1135.41649503776,899.3464663314847,767.7124947494265,2244.890760014301,879.2154963049561,498.44640026232076,1360.4795130002592,963.1853376633401,744.6540362917289,1720.1833006702166,1703.0125330592311,1786.0582153944306,1422.8185387055005,1100.9449178553493,2261.2905296043978,1112.5171509544705,1144.7143537882537,1890.9727713165403,1767.9800536827915,1512.3616312475558,1342.540208888528,1785.5981556276877,232.5339782502006,339.30475831722003,550.9806776537738,2158.26334420541,593.9242913897477,792.4228443180264,779.1547059408673,852.1700022494664,1155.4545531815882,1009.2143819037092,907.355664277601,745.1993725453385,989.4449867996173,364.3865067279572,2169.7599665703483,249.27037585364033,117.6440315511138,7.5730726462996,497.82902323194776,454.85297098474484,563.8275274222774,758.8147856851311,710.1764952366269,1528.4744577683298,1525.6907228308464,1914.9080135917102,1378.6766719138693,1296.556062938057,1242.2942615117263,1218.095880326762,2017.916601940009,1886.6201819154278,1782.7548199702467,1653.9770568667084,1675.7711965909511,1760.0145054274365,1995.6013500891715,1632.2234472296718,1407.8905660736573,1490.2620521589934,1539.522352474551,1167.8755304394112,1011.327707004193,984.9757220624051,1171.1009038820969,1272.7528110539852,1418.8327029113061,1876.9052239015316,1499.7368001914133,1558.7862081249118,1539.2138851128764,1455.7907982413317,1779.7094880349205,1911.0362229717298,2053.8200394535643,1974.5539444493731,2279.0879612619538,2308.394021022978
TBF Computing Inc,3446.56176751453,2995.574603601804,784.846476356278,598.0963080578296,867.8708297399812,1092.604383027557,933.911618850246,793.5713426212276,705.2571804738318,595.8676805464528,488.4223567774293,453.9924107184259,2990.010464643069,426.1359622132957,867.166798626688,728.2739685984473,672.8509413025743,607.265659736222,838.9473316662196,682.7328473673277,534.2246535471852,484.3662230313921,1013.6343946486849,2944.39791351495,895.5420011065694,803.2742089890074,1008.3819127155213,903.1391187764136,911.633144279845,986.6076843817318,1124.9704123418712,1283.3712286089499,1257.320434459915,1525.4755634625956,2792.027755427918,1566.7659857197168,1447.2248514442524,1343.856294881521,1426.2384515774663,1827.2851050200322,3094.2322867732905,2891.2172777936557,2637.0401247816944,2848.4842676165044,2630.5146678794363,2439.0024080569974,3420.9387488551306,2440.310119022277,2390.323720575015,2247.0724518133616,2122.93394566501,2095.080265504124,2524.457112150246,2408.2869981779795,2681.246708392346,2502.8173710204446,2301.8738564938267,3234.679656320066,2548.1031440303827,2038.6831099929848,1991.8011060468807,2027.503254192101,1937.2779937782227,2285.379005166325,2102.8768582263747,1975.679420898624,1780.9880761229465,1833.210441967865,3297.037184575206,1559.8324446189863,1322.8930695088798,1836.9650628911793,1597.4942604043506,1535.8009036879532,1338.055849640246,1433.2539854882943,1805.5880710026865,1600.9350997813096,1586.7721708848499,3338.487251781811,1210.3007803211565,1061.09069168746,1589.8830062569677,1283.9211130124781,1075.4252190448917,928.3528534231465,863.5662418290053,946.5143538365916,785.6797046502936,2049.466877450658,3466.954427477617,1488.8735794665797,1732.7454912643777,1694.9069910090632,1195.1950096729936,1346.5676556875453,1469.120688101397,1009.5751666730235,1142.2042611002362,1388.5369492948619,1220.179713898955,3147.522815402166,1131.5100587934487,968.0307954552623,819.1582682243919,743.803313886821,1443.8191632979022,1329.4711906516138,1216.9883938802996,1198.0362713976733,1098.4224436787772,1089.1995543778849,3346.7028303549423,971.6217278193805,785.9093849278918,864.9348912435805,754.4130679472169,725.1772009917833,709.5317343494635,713.8283424427777,541.6588905481868,421.5678395603863,272.6028209455035,3346.6482079731263,260.4019782622744,382.0798380230885,296.1497452835869,459.9042955808261,150.28055546573734,238.24425241943425,362.70405225887225,344.18545619651695,608.7373999830475,719.416404549845
TG Companies,1946.2611067001274,656.5311703177077,3032.7468945089076,2777.716298159776,2997.9242418132194,2623.2355483824585,2463.907988971945,2393.184046187647,2384.547318897859,2338.9071917971733,2238.474881302189,2479.0894249853445,545.1918845026337,2620.7011783348707,2768.0790405980306,2663.2904809625807,2561.332517672275,2525.455352998156,2914.014128488533,2866.297914681085,2723.006855956935,2789.4884882651595,3083.9062450382007,972.2922937406018,3074.022038969789,2974.4135794108543,3128.6261181788964,3163.685025189364,3260.3406740740215,3269.643808014496,3351.222841692565,3310.928935661845,3473.736345399697,3560.30764548963,580.3395417362345,3643.2360089412864,3598.986932553224,3522.5713269955804,3618.7704899378446,3848.920210446359,1780.4348074176357,1406.3904144630487,1208.3350096343916,1638.6413822994698,1672.0966668867839,1770.8537812368813,1833.444038640926,1601.666321700692,1212.4077597271164,1395.6650331054016,1433.2042628559357,1200.5509451446678,769.6130291450651,924.6170704711061,465.4978295014192,225.81301519366534,372.4968705039306,1856.2023055064594,69.8680126501013,487.9440937990285,1474.6647703398405,981.7902670839162,834.0523119407137,1737.7168471285468,1824.2942879431628,1994.6817097940375,1672.3063261880202,1287.5326898092237,1838.1459780206926,1470.149667131534,1622.5973194113024,2187.617311434293,2149.329847429277,1892.7556557555813,1804.2279483164357,2234.977303140524,673.9565924480596,899.9024144970234,1002.944750263897,1646.0225377431693,1292.6863204424546,1478.7575621456251,1156.4870754408134,1400.7745914739148,1739.3883629954769,1681.626787589923,1643.5261939750822,1542.1127001488903,1801.5060640834586,450.83905892353926,1569.1159492615882,989.7420980804533,817.5908437814966,810.922953374862,1301.607352560445,1252.3025824456327,1293.2129859999004,1570.650446050121,1511.3162958770029,1973.3740810145334,2035.9973473239295,1399.2258786845582,1922.1753402805202,1903.5762678261915,1905.297376904133,1909.053742910286,2494.7688664398015,2385.6270954842885,2309.2608922863633,2177.5419299465434,2233.731979056235,2325.997919409834,1372.9239326681848,2227.8433015261107,2062.4529706713647,2117.683269908638,2195.9821711611316,1875.1003531010929,1776.3871130137748,1786.2254768403823,1974.286778094473,2056.959046327449,2207.1551255383733,1170.99673145138,2302.4184855011176,2369.3678265084473,2294.813586956274,2187.2937775617625,2576.987059157619,2687.371596434003,2840.7551593166954,2738.071865681576,3046.857320361851,3047.5026933180825
United Electronic Recycling,2629.031663970467,1868.3873361214871,1806.2388033023196,1490.3790919238452,1731.2510037771801,1601.9639138203763,1406.535547338233,1287.8855470986587,1246.0059050429181,1163.009072613816,1021.9746374213696,1254.3157336530232,1834.7802626801442,1376.341461772569,1629.5148960506149,1497.9715232484036,1393.3123771621144,1340.9137007487234,1733.7088314948319,1648.3939191769687,1491.0661779085328,1533.1462471200346,1919.140409143123,1914.6376089253463,1872.014057772218,1768.2978260044133,1949.6322928725563,1939.305051564436,2009.6463043484077,2041.750639304762,2146.291317128562,2177.0642288860968,2276.946734158289,2437.2889447874954,1684.942214277377,2507.3205295108155,2431.4926954728826,2341.798621009427,2436.0716604734666,2743.9267894324803,2318.706030502091,2022.5981588112577,1749.9883840254265,2084.426569039158,1940.4480365027816,1848.772841121668,2566.8909853204573,1766.9273941804063,1550.0911680115044,1516.5661171824852,1434.6487963424026,1289.6360278326515,1502.7235493515627,1450.9440435145373,1564.3665465703746,1357.4746334847075,1179.7438657010869,2447.544931740152,1378.4108446894477,902.207273000599,1350.0330418964907,1114.8826633585948,940.9259166055531,1720.5123477031852,1636.1355984380332,1648.995134614062,1304.1242887028066,1097.9772129565488,2483.3372182716757,971.5795108191979,889.3125407489783,1681.0580902117288,1507.0376461251535,1279.7124849904924,1066.7255144730175,1472.1927369426262,644.4069628081367,488.6986649001362,587.5354389049359,2437.8236186771137,264.24888612952924,391.1601001016254,740.360318860151,606.0415002557011,796.9155535310549,581.7231803411588,422.764373854285,232.8064944335168,527.6001881159802,874.4258602240604,2500.0864601072767,326.0354179047857,571.8074813230971,521.219410620852,65.58163274344003,327.10377656352676,550.0858161144916,346.8307916264983,405.6078205264385,1242.5653200317302,1187.238755055582,2210.367539754141,1027.7636491766038,898.7503777707187,799.6517607427612,753.0215597129511,1669.3677382981614,1529.5694918346283,1411.7496524105284,1294.036294254141,1287.8178688406522,1361.0471740442943,2346.181296831426,1218.2526887052488,961.1811026925681,1060.1119996971333,1084.7359240949393,692.121725663567,499.23287639753704,477.5267279754527,665.9921797389649,755.6268823403394,902.6784726152212,2279.9918095035932,993.3605163222888,1070.871183884889,1026.005847339228,954.0687918900335,1268.1797979373373,1393.7066268182587,1537.887396986227,1458.1847052408011,1761.9821217481744,1797.0260411025909
"We Recycle Solar, Inc.",1780.2160064808165,502.71492221237963,3076.8148794270237,2883.8495636360963,3111.5551958353785,2629.5452920116477,2479.025174556198,2417.981299485472,2415.6843018793006,2378.209294525902,2288.1489263751428,2527.6689489413748,434.28936942525274,2673.182508832026,2793.895824008472,2695.947345100955,2595.833564977914,2563.9903953919033,2947.346326068651,2909.3229234698947,2771.0589966974517,2844.3204465452022,3112.1376516179766,802.7225239766691,3111.2406817749666,3013.4773377749157,3159.769232062803,3206.243331571163,3310.377428179296,3312.5314374031464,3387.2291431069807,3330.4370232783945,3506.8301746622647,3575.574524335737,409.8422276749749,3660.7236622890423,3624.0081539203748,3551.30317767138,3647.385099572481,3858.4018305599047,1624.4154247502554,1250.7307819043826,1065.731922955492,1492.6180725747183,1542.4798307124843,1658.7268659015554,1665.9305428724597,1485.6611851757514,1094.3665852752038,1294.6605609116423,1345.388769864875,1117.803087019487,628.6109742316113,801.7407049985898,295.58247581264214,92.52237425739064,315.5652650172195,1695.724068088063,160.4695187935651,523.3670704446955,1400.7469479194087,917.1276822595082,802.2887220721979,1637.6433326639533,1741.262831211963,1924.643564552128,1618.5767540487623,1236.7446605050711,1674.7063658736515,1446.231092182387,1619.2754041513654,2131.502796232337,2111.7506763788883,1860.3406798258202,1791.9986815485322,2211.0387898419754,756.6161269274597,958.8120327265664,1028.8776539499474,1477.3570852466867,1354.1549065111933,1530.8688272032539,1153.922005139557,1421.6915410479558,1757.7744044782912,1724.745548233752,1707.0176788973754,1633.1184539343521,1907.945883460236,578.7303685633701,1398.5261814648302,1075.7915210975723,947.1462654509044,925.5465542231693,1400.0589589809365,1376.1283123710086,1434.6454767326154,1682.2739982806975,1634.1256694270178,1953.3554278805307,2029.8658354550234,1231.3205141430035,1926.3693186148214,1924.2170473483618,1941.2927540607925,1953.3380473304824,2473.401538563104,2371.0184420856463,2302.449472866031,2172.0691991540325,2235.9324931551128,2328.9143088908413,1202.5429822373421,2239.9495703148873,2093.429555391335,2140.1041163258355,2225.614559619755,1925.0646832712964,1848.7561791602623,1878.099199516396,2066.6082404978856,2135.797731481073,2287.3695273767435,1006.6165726459382,2392.714131989246,2469.6278625190635,2357.898439911873,2241.6895421989543,2661.57891751899,2758.0300089604216,2917.015714286956,2801.8860480265585,3111.338820092075,3098.699235143077
"ZEEP Technology, LLC",3824.4073579971023,3904.2074371398467,615.7049624784014,1737.5231618931575,1878.8542053381636,985.5122980792538,1098.2161263006626,1151.0802511464783,1160.9038435742293,1221.2456312926686,1355.225533866765,1128.3178388482665,3972.3071669164733,1031.1892676798002,775.5473381607976,886.8663359384999,991.3809452205998,1038.0221405047653,643.6095806021062,745.014534051498,908.6437472682945,917.9907367954335,461.97242565584077,3684.0313328295947,516.8276705352548,619.407865082065,427.5691315336768,499.8504389236973,557.6475160145228,436.01016298765614,283.7031108668209,259.4290689938517,171.62553734907056,197.09602913079308,3676.8335754222735,181.54169935245838,55.42388667358497,74.45570433987278,104.32679292795633,438.78014029584966,3469.8941762551353,3417.592091692041,3230.2228951665948,3253.3800023340673,2993.9185101615726,2738.590807022033,3851.275419799501,2831.447718430357,2978.808150174328,2752.3281637447003,2621.1962464996573,2721.107761116976,3307.7117335085168,3128.6962919316134,3595.219334270492,3492.9140855381884,3264.8801901515344,3602.885609935509,3611.680421657077,3057.6827830787824,2487.6460960404866,2780.7808397544777,2798.438947264077,2602.6869106222707,2378.639868777974,2155.3304808056396,2204.004606258603,2476.5694084881493,3690.460604695123,2195.099201818002,1975.6940852908756,1898.9117700551558,1731.6309376116842,1882.463436055433,1839.9969960218336,1546.6017636364106,2899.4213041507264,2654.9492721763154,2542.8237069476186,3843.353424236183,2282.9925140484584,2085.311220401296,2424.875564550773,2147.1924812790185,1811.2411927862026,1871.9678608739355,1962.0335237279119,2189.6095649771273,2142.3508234756164,3181.5175699760443,4052.7212430402333,2624.716536363197,2942.547028147984,2872.742631761418,2420.8849298129794,2636.2951513124676,2802.099222060401,2334.1021783936685,2482.086848876814,1732.4915413322394,1597.488188162221,3727.5882572070786,1662.5360285777417,1644.5309343962535,1641.9925876463128,1651.8310586482908,1326.9415910031337,1347.9463334397126,1354.2743271770485,1464.302327232871,1372.1535545720271,1281.78192549358,3996.7957109350514,1339.3522759281377,1481.7786019409712,1428.5983452174085,1347.937522884539,1699.3348996643217,1885.3636446422986,2013.434224202587,1887.144728528154,1703.3740890136808,1606.314732508109,4106.856322972767,1659.860929323535,1764.0544992003747,1387.0465747880603,1425.2453612519055,1433.0128876631406,1178.019753509788,1178.6057187191852,1058.3214142351032,894.5019387127446,691.9933603662258
Ontility,2998.7742550289986,2126.2788043158134,1860.5980305680812,1282.111685978365,1488.1709978414372,1810.7002348004107,1609.5876657824767,1472.284765159762,1411.7489852062238,1307.5014835692625,1143.042835114574,1343.8138597898467,2056.2450299899206,1433.5737523181258,1768.106928270707,1624.666306133942,1525.043152860369,1462.7655813508247,1834.772065018861,1719.3132999463962,1555.7769145449915,1564.897432784447,2023.9948158093298,2236.198121010603,1947.6655638133243,1844.812660225612,2041.908892705264,1990.374864072555,2028.1626440440577,2085.325304903849,2208.763658556814,2294.098763732982,2342.452305297269,2553.0070437575864,1965.546035869153,2612.4680087468946,2516.195336335578,2418.748604113204,2508.709698398559,2862.6102476587726,2696.542389493867,2389.5213746114337,2117.1554840406025,2465.2915893293525,2327.6850709497953,2238.3447142307887,2930.8835292065696,2155.5594355268627,1927.742654232029,1904.1741978282375,1823.9843565353826,1674.4997109371004,1836.9126599567558,1807.784593126334,1839.8071096695332,1607.8293108577761,1463.7172146564158,2822.9968111600997,1577.0180146889618,1185.4454483314416,1739.4014063161912,1489.707600135771,1302.3938121614326,2109.5327754660875,2020.317555482785,2021.3544153729645,1684.167539920871,1487.5013005144456,2854.8131109949927,1353.4297106180643,1246.9410289142331,2032.5709649746752,1842.1123345740782,1631.7432586932405,1409.090623671853,1781.667483858519,909.8878349420469,829.0962151053299,964.7780103262843,2793.355857889438,648.3470910907901,726.9722299632585,1129.3858492757429,980.6950646178623,1111.773814008239,865.1453688761582,659.6642677394352,355.0244924379581,343.44025885779,1061.709581873817,2836.6928802312545,633.5377410770219,696.6131081949716,708.4678598818253,336.2778592429482,260.91003345562507,342.38706384344175,132.77074110883345,20.96454982885983,1573.8758883885646,1491.9211059564357,2559.438589694576,1332.3152531997907,1176.410304109056,1039.6717822853566,966.6721149602681,1950.4335846828283,1808.5758613779228,1684.1180133503606,1579.515873074288,1551.1655861288982,1611.1659595891256,2672.8561930786746,1460.2206435987077,1181.3333675141446,1293.6462865673957,1284.4421533224556,895.2754363395061,631.5274997263699,452.2226232232717,589.2971347958747,761.2417792114375,873.4704433397324,2576.416965726064,890.5192550424983,902.0726245711005,1077.343957251366,1064.4007595673236,1177.7416986117337,1364.659107512584,1472.574872846945,1456.163469370684,1736.313857126286,1823.910705790731
Okon Recycling,2656.524525742343,1891.6683453964565,1797.795506135159,1466.83265758458,1706.5551657818653,1605.2693587130059,1408.99434922984,1288.4494429486176,1244.8754901898164,1159.8806639307577,1016.4538258152068,1247.2289287165477,1856.0195952873346,1367.2774273603857,1627.0143286901637,1494.2947242640507,1389.800502627404,1336.5045416235967,1728.5083727809917,1640.8601842532307,1482.7894125849655,1522.6929457690837,1914.486350955025,1940.9422423761862,1865.164361022597,1761.3597373370353,1944.0879560676608,1930.8168316580782,1999.0472181667644,2032.872451423352,2138.8383757545157,2173.618943270052,2269.837932175795,2433.980058300447,1709.302087602157,2503.2774228541643,2425.891326357085,2335.562254108649,2429.6091590651254,2741.0647843199336,2346.0894739323558,2050.0899146010966,1777.4788140117662,2111.7078418534147,1967.193567646782,1874.4600561536722,2594.371523888857,1793.3791275926014,1577.5021841837179,1543.2681355828456,1460.8160877818675,1316.704469032825,1529.406220475175,1478.285235625426,1588.3875595542872,1379.9326702445223,1203.8939873960637,2474.9808115620585,1397.7873219641317,925.9198764751378,1375.4584266123954,1142.3608510721447,968.2964212092878,1745.7001866271871,1659.7640237078951,1670.3503288683298,1326.7842550232604,1123.9888404806743,2510.821988483745,994.5180319182398,907.8390291419424,1699.3676780252822,1523.1351948373433,1297.8393175987026,1083.3068972938354,1485.2560544406292,666.2135501799534,514.8651816130371,615.0183546517181,2465.1959225909723,287.06920648242317,404.32405146146004,766.7534325494839,627.1307319619093,809.3423074402598,589.1584234390459,422.7786533509607,213.69483645309984,501.8904635589574,891.7969018666201,2526.997646662355,348.85020570113716,582.3492622969347,536.1285124408806,53.7708369288676,315.1189075042811,536.2530896077187,319.33738105781447,380.31960723274113,1257.9403194010624,1199.3736847967314,2237.596200923372,1039.5720579356048,907.1585961726264,803.6444386586685,754.113580604981,1679.6103697490144,1539.440678300351,1420.7798412576094,1304.2423512423613,1295.723627775736,1367.7800916424537,2372.7489458434447,1223.900853072385,963.9521837083142,1064.516644444696,1086.0632542830128,691.7653653086799,490.2030441398351,457.30920499638665,645.5272765304499,740.4364824113313,886.346084008365,2305.324498556324,973.4903722727073,1048.2340050199603,1015.3806648599158,947.4021085332342,1249.78121577033,1379.086219014714,1521.4346878418883,1445.3767717218338,1748.2399287257044,1786.7009454879887
Powerhouse Recycling,3607.3467635972033,3306.2099291057743,398.55660755397747,790.8337058455025,1000.1130877948738,945.4054936880812,851.9344073719351,755.9058273760088,685.2460624803053,629.6388477388659,635.2923528262347,432.99697426630655,3321.3588227049004,284.26889845991667,635.0691113344137,541.5759317085746,550.0621674795871,514.4705993212348,526.015697758353,357.277250149664,288.1793925576207,159.82407889561958,665.773302462457,3205.0764160707645,522.5987515449641,450.07185403564307,642.5003246077479,500.8630189460444,494.7927857272569,575.4355838187844,719.7585562260251,918.1552674307508,849.6069741698466,1142.6242279498392,3093.3503254373127,1173.8348140935473,1044.8317005227766,939.9698297366863,1018.0551450907556,1435.4323425253851,3248.029988033923,3086.7504050987704,2847.7277502638326,3005.9855463411463,2769.808492839095,2552.6348416549245,3596.9718660850444,2582.800355862652,2593.5945362415196,2419.698393306596,2289.041144741388,2301.690196450675,2791.246657654144,2653.334785124118,2989.641383126431,2831.1163512523876,2619.3625517216137,3388.9070880177537,2897.8676263626753,2368.8690246326664,2152.037407552592,2273.320151937134,2215.5519428433304,2399.289734559555,2196.085699040909,2031.5339438107594,1906.8520976639652,2035.999801901853,3459.9650007372234,1746.7213360322446,1500.7042158635024,1846.2435435646405,1612.4304700062237,1619.0522401762844,1460.6827961900588,1424.8015198525309,2154.7791952023385,1933.5386739607052,1886.4186746877176,3535.4193661030163,1538.0599529171202,1364.2400834236778,1848.178739044893,1537.991649766481,1264.2269611509873,1190.0095952172746,1185.4440069340124,1327.0488029283233,1198.6021244772217,2413.2969939529967,3689.6809606820475,1845.520860008221,2115.143809127274,2067.708532812911,1575.0496907832196,1747.1028899408618,1880.3795914523132,1416.3281409036156,1553.4769896740866,1457.7096721428952,1282.9586390144418,3363.8388738564895,1243.6085504311827,1119.4895366466021,1015.4316810608606,969.7058241978183,1358.0392303496599,1274.5022624896947,1187.996790832572,1215.0588515508111,1102.029074479225,1058.4568273088137,3586.6861182821185,989.4121082630969,916.1558701358873,948.344453834911,826.0044462190679,980.2271632404045,1055.054065503853,1108.749647836828,948.950566503361,798.3001056959281,666.578088290595,3618.670361569357,674.8731827418226,764.252541636208,533.9323301657478,661.6289516459685,432.41008689274867,181.08574516033178,222.8836187098077,89.96060552426187,219.6244743311431,309.5390635335626
