Recycler Name,p1,p10,p100,p101,p102,p103,p104,p105,p106,p107,p108,p109,p11,p110,p111,p112,p113,p114,p115,p116,p117,p118,p119,p12,p120,p121,p122,p123,p124,p125,p126,p127,p128,p129,p13,p130,p131,p132,p133,p134,p14,p15,p16,p17,p18,p19,p2,p20,p21,p22,p23,p24,p25,p26,p27,p28,p29,p3,p30,p31,p32,p33,p34,p35,p36,p37,p38,p39,p4,p40,p41,p42,p43,p44,p45,p46,p47,p48,p49,p5,p50,p51,p52,p53,p54,p55,p56,p57,p58,p59,p6,p60,p61,p62,p63,p64,p65,p66,p67,p68,p69,p7,p70,p71,p72,p73,p74,p75,p76,p77,p78,p79,p8,p80,p81,p82,p83,p84,p85,p86,p87,p88,p89,p9,p90,p91,p92,p93,p94,p95,p96,p97,p98,p99
3R Recycling,3101.222673,2912.637221,541.9038423,1175.161709,1429.45329,497.3578776,349.7255551,234.4494731,165.253777,160.6972565,296.4347434,141.3244791,2955.764596,241.0240221,332.11674,188.010221,90.86568804,27.00489313,421.7693753,374.0024519,266.7889339,387.5670038,605.3074651,2760.423977,574.5940542,475.0424573,638.7285583,668.5649657,788.418736,774.891805,852.0830317,865.6028608,977.0278385,1126.139081,2691.160022,1193.836157,1119.781681,1033.777141,1129.304211,1434.65646,2740.714155,2598.229233,2369.713198,2500.977089,2259.760231,2036.723877,3096.720604,2074.722772,2113.589121,1925.023241,1792.632271,1827.480678,2356.945324,2201.977179,2597.458362,2468.464001,2245.475831,2881.243296,2568.647325,2019.218573,1654.469304,1828.968115,1803.690498,1884.056209,1677.515191,1509.508964,1398.484028,1563.91321,2955.099212,1271.058547,1027.262427,1326.364891,1091.1806,1101.854116,958.4449597,905.8143496,1843.399394,1602.632626,1510.47491,3045.090738,1222.145173,1026.498644,1427.063869,1127.151994,811.9490902,818.1064601,897.085705,1135.807227,1143.874179,2122.195136,3213.202435,1561.413188,1877.649105,1808.095453,1359.732648,1584.916316,1764.752415,1304.254641,1456.209144,939.1856043,765.1526366,2885.32957,743.4751845,650.3080405,597.652126,592.2350884,866.6328045,767.2883581,671.3001866,692.8764497,579.9584581,540.5664828,3122.49084,468.1905318,454.7809396,450.8411328,335.1328497,635.4182083,828.9806097,986.7144273,899.7571515,700.6726868,657.3815141,3180.478832,790.3080431,954.9450617,397.9135854,373.0038053,723.2580948,537.4936041,704.1887574,463.6163164,700.7841287,588.4887182
Cascade Eco Minerals LLC,2493.706264,2041.348179,1436.205669,1477.76586,1749.648922,1109.189806,921.2505928,820.6615572,797.5092062,742.4578039,646.6147659,885.6099089,2065.544539,1032.446219,1186.420137,1071.50561,967.9732588,929.0507867,1320.434434,1269.35447,1128.977293,1204.942984,1495.624445,1957.196333,1477.53973,1377.417339,1536.535914,1566.716244,1668.315564,1672.785848,1755.015515,1736.550155,1879.09723,1993.040587,1827.895193,2070.249114,2012.803203,1931.86793,2027.918795,2293.225014,2151.699975,1918.522502,1657.863036,1906.392775,1712.902191,1562.179088,2456.810782,1524.908166,1417.671211,1303.54796,1191.028013,1124.491724,1538.279157,1419.676308,1724.696581,1575.689241,1358.29029,2289.823295,1666.433845,1119.926099,1073.543411,1039.334922,954.4046824,1416.264139,1280.706224,1237.516966,934.8159358,872.5505229,2343.948072,636.1276623,456.5148847,1219.553139,1023.121441,822.3670919,594.8588574,967.7268771,942.1788884,699.7589309,622.1043774,2362.217678,331.6906459,133.6640549,601.1524169,299.3223543,293.0121274,85.50468614,195.3127235,469.4672362,731.5109862,1224.307885,2480.557945,677.1321223,1015.867417,931.8756663,575.4570999,837.4701027,1056.964327,711.6065214,839.7641876,754.7556663,679.5378546,2163.670674,519.2559057,387.5613843,318.0710696,311.9673239,1157.226935,1017.170528,899.3805823,781.8574254,776.9326322,853.0859008,2357.976597,715.2217281,483.1186885,566.0363081,615.9395734,285.811628,348.6989506,554.9036199,675.1584081,615.1173945,754.8170282,2363.434701,917.3025234,1064.080665,739.2269289,605.2328766,1122.713737,1152.441092,1327.253444,1176.612005,1484.311917,1456.905515
Cleanlites  Recycling,2733.339267,2807.553206,880.6223476,1735.646492,1990.339496,143.0621427,214.7549921,361.2172391,448.8853894,567.9515975,725.887579,698.7484159,2895.618875,788.3078802,468.7798249,508.4410931,503.2509156,556.0896918,660.481215,758.7558168,758.8409641,890.5557922,734.031997,2562.92388,825.1859691,775.0636344,801.1834364,958.2057289,1125.444129,1046.067607,1040.425322,866.6888623,1122.085297,1084.952339,2578.344113,1176.387245,1176.563921,1131.024304,1220.352804,1350.457322,2374.089559,2297.783839,2105.794998,2148.292056,1892.166947,1644.873834,2749.527851,1721.404422,1854.209059,1628.958565,1497.29897,1599.298839,2195.694546,2010.722689,2505.787091,2431.289325,2200.821923,2510.816073,2578.04561,2026.683302,1363.198805,1674.927993,1719.25391,1501.184911,1279.25951,1072.126511,1079.999697,1361.182116,2594.108336,1089.820386,894.1967512,842.643999,634.7291663,758.134688,732.1067755,439.2132242,1919.590133,1671.861337,1518.297222,2729.465889,1359.798832,1168.350023,1360.138671,1125.786946,795.8339701,960.0117366,1132.310775,1429.235475,1545.969563,2207.143897,2931.697778,1698.99804,2045.425442,1954.610198,1599.613664,1855.727736,2064.959079,1646.318683,1795.789598,608.7198561,487.9885535,2605.460935,591.4942135,652.3424885,744.2469973,808.9070114,311.7290634,248.9382688,229.7547456,347.5524084,279.7962407,189.3530728,2872.435428,322.0307111,593.7313527,483.8592349,499.3350829,879.8055599,1146.302013,1361.539157,1336.442807,1144.046271,1153.068629,2985.123469,1313.039872,1487.34876,904.1859881,798.7439426,1282.381027,1094.063424,1250.172501,1005.940366,1178.302776,986.7290602
"Closed Loop Refining And Recovery, Inc.",1780.216006,502.7149222,3076.814879,2883.849564,3111.555196,2629.545292,2479.025175,2417.981299,2415.684302,2378.209295,2288.148926,2527.668949,434.2893694,2673.182509,2793.895824,2695.947345,2595.833565,2563.990395,2947.346326,2909.322923,2771.058997,2844.320447,3112.137652,802.722524,3111.240682,3013.477338,3159.769232,3206.243332,3310.377428,3312.531437,3387.229143,3330.437023,3506.830175,3575.574524,409.8422277,3660.723662,3624.008154,3551.303178,3647.3851,3858.401831,1624.415425,1250.730782,1065.731923,1492.618073,1542.479831,1658.726866,1665.930543,1485.661185,1094.366585,1294.660561,1345.38877,1117.803087,628.6109742,801.740705,295.5824758,92.52237426,315.565265,1695.724068,160.4695188,523.3670704,1400.746948,917.1276823,802.2887221,1637.643333,1741.262831,1924.643565,1618.576754,1236.744661,1674.706366,1446.231092,1619.275404,2131.502796,2111.750676,1860.34068,1791.998682,2211.03879,756.6161269,958.8120327,1028.877654,1477.357085,1354.154907,1530.868827,1153.922005,1421.691541,1757.774404,1724.745548,1707.017679,1633.118454,1907.945883,578.7303686,1398.526181,1075.791521,947.1462655,925.5465542,1400.058959,1376.128312,1434.645477,1682.273998,1634.125669,1953.355428,2029.865835,1231.320514,1926.369319,1924.217047,1941.292754,1953.338047,2473.401539,2371.018442,2302.449473,2172.069199,2235.932493,2328.914309,1202.542982,2239.94957,2093.429555,2140.104116,2225.61456,1925.064683,1848.756179,1878.0992,2066.60824,2135.797731,2287.369527,1006.616573,2392.714132,2469.627863,2357.89844,2241.689542,2661.578918,2758.030009,2917.015714,2801.886048,3111.33882,3098.699235
cmc Recycling,2643.737026,1878.064441,1806.536636,1480.464043,1720.340216,1608.709934,1412.838931,1293.193253,1250.406596,1166.313683,1023.927733,1255.386066,1842.840712,1376.256918,1633.1883,1500.990116,1396.417928,1343.515849,1735.880289,1649.220984,1491.452217,1532.233679,1921.625727,1927.158165,1873.244945,1769.474755,1951.614283,1939.579601,2008.657531,2041.79639,2147.177881,2180.231125,2278.035944,2440.536198,1695.543466,2510.160225,2433.451617,2343.39278,2437.537264,2747.425471,2333.740332,2037.148364,1764.525299,2099.581365,1955.861388,1864.252376,2581.35051,1782.39145,1565.082597,1531.990176,1450.133868,1304.938272,1515.700537,1464.963238,1574.66978,1366.478881,1190.157716,2462.483293,1385.089225,912.2398151,1365.493316,1129.695941,955.0190102,1735.949292,1651.296699,1663.5402,1319.04204,1113.465127,2498.10955,986.5647657,902.8720812,1694.563062,1519.683808,1293.140162,1079.548737,1483.566949,652.8789545,501.0705183,602.3346373,2451.913061,279.1421847,402.4455631,755.8328969,620.4690671,807.9684871,590.422091,427.6304336,226.1053152,515.7220744,879.6757662,2513.367883,335.2875165,572.5919804,524.7699856,53.43753132,315.9191364,538.2077786,332.1759832,390.1448675,1254.909228,1198.19296,2224.155046,1038.562443,907.9679528,806.6885053,758.5551224,1679.485962,1539.511896,1421.295423,1304.123482,1296.824854,1369.491932,2359.012353,1226.157416,967.6142125,1067.385106,1090.431271,696.8771037,499.0628342,470.1384587,658.4456359,751.6995373,898.0146527,2291.495818,986.2626202,1061.691066,1024.963707,955.3599053,1262.130739,1390.185896,1533.169011,1455.818526,1759.034017,1796.19876
"Dynamic Lifecycle Innovation, Wisconsin Headquarters:",2365.163214,2415.190929,1220.490822,1868.981112,2140.080345,537.6989116,478.0425349,538.6412964,610.0269562,690.2679811,786.9233525,877.9341127,2510.997078,1011.359491,821.202156,807.4561931,755.9787339,780.362596,1014.170552,1074.912526,1025.553705,1154.380324,1117.044496,2163.418831,1187.579535,1120.934411,1181.393719,1316.250803,1474.51811,1411.874446,1423.615587,1265.788834,1513.261667,1483.245437,2185.667325,1575.218855,1575.411274,1527.205649,1617.71339,1742.216298,2004.262401,1907.397048,1709.009082,1772.140485,1520.644434,1283.451283,2373.498391,1343.241726,1456.318922,1234.917807,1102.39259,1199.787113,1798.495555,1611.821159,2116.968176,2055.272211,1825.146519,2143.051556,2214.154968,1669.916036,966.8605373,1281.26844,1339.604674,1134.140998,918.6698051,738.5630261,685.8315422,963.8237701,2222.733671,700.2619718,532.3218928,565.6883919,326.2481168,364.510379,347.9687011,176.6921514,1593.023505,1350.591442,1175.979996,2343.88525,1093.178451,923.7544135,995.1291141,803.9563249,518.1665507,748.9831415,954.3640516,1258.282826,1451.867229,1877.317047,2539.299531,1411.086533,1760.392723,1661.217318,1378.628455,1641.117039,1861.783186,1495.406865,1634.126258,209.4130954,129.098268,2212.098956,286.7374205,439.8678007,598.701886,690.1126816,363.9583585,236.7085629,170.5689827,78.73172688,192.5472155,258.17521,2475.606358,308.0641318,519.6888865,415.7531491,518.0008603,759.459292,1025.444465,1259.79848,1291.515969,1126.864595,1187.462465,2585.598606,1367.425825,1546.181713,984.175505,833.9255104,1420.220645,1290.566856,1467.479557,1232.445949,1464.056249,1309.068643
"Echo Environmental, LLC",2636.31309,1878.322939,1797.353921,1480.500874,1721.597344,1595.924587,1400.240371,1281.052683,1238.723486,1155.229616,1013.648003,1245.677332,1844.877089,1367.335173,1621.903538,1490.076373,1385.452284,1332.845774,1725.476503,1639.678588,1482.20596,1523.907611,1911.032278,1923.720505,1863.438309,1759.702463,1941.329629,1930.413897,2000.391102,2032.789694,2137.599726,2169.237479,2268.324648,2429.497812,1694.697832,2499.359033,2423.184265,2333.355004,2427.582246,2736.245645,2325.430006,2030.095605,1757.506021,2090.88486,1946.015381,1853.186578,2574.496569,1772.130759,1556.909326,1522.077444,1439.537912,1295.686495,1511.567517,1459.025517,1574.189422,1367.500974,1189.546733,2454.451834,1388.518271,912.0906739,1354.207805,1122.022516,948.9521316,1724.4821,1638.914694,1650.334662,1306.254042,1102.705615,2490.519919,973.8828011,889.1029146,1680.767671,1505.696713,1279.321837,1065.589155,1469.551757,654.4855765,497.8961148,594.7308937,2445.827667,266.4057851,388.4298611,745.5000022,607.1883456,793.9776417,576.9126745,415.6656154,222.6906119,518.303132,884.4374943,2508.732616,336.0564997,580.9547887,530.9882594,67.44875685,329.8999992,552.2392982,339.6160344,401.5289658,1240.892898,1184.214968,2218.642354,1024.602405,894.3225883,793.7701753,746.2917793,1665.639937,1525.700786,1407.573015,1290.281624,1283.241999,1356.078131,2355.099915,1212.922693,954.9512149,1054.380871,1078.102405,684.9930452,490.1692536,467.4152128,655.8832033,745.7488381,892.7067101,2289.486966,983.2445309,1060.882526,1016.725357,945.4999693,1258.092728,1383.901029,1527.914506,1448.597276,1752.28049,1787.812649
EcoTech Recycling,227.9757179,1301.410954,3697.684733,4016.788121,4285.603443,3004.679268,2958.082687,2987.697446,3036.028359,3069.172221,3074.175095,3264.123191,1534.244138,3417.569352,3303.887994,3278.390086,3210.040231,3215.779749,3496.424282,3544.019035,3466.098127,3583.391643,3594.715737,866.7007668,3670.268369,3601.071474,3660.783263,3798.230347,3953.187936,3894.595674,3901.561988,3707.858726,3982.032196,3884.548137,1267.808618,3979.763813,4014.727598,3983.139838,4067.448633,4082.43699,506.9048282,622.4630169,888.748757,713.7847371,972.7715023,1230.07567,123.6623636,1140.505894,1123.376523,1276.518372,1407.671865,1417.779488,1176.624243,1181.650273,1373.853936,1622.014449,1629.306113,394.3069329,1823.548088,1865.461364,1545.386613,1527.713232,1690.411341,1364.115379,1588.106818,1813.399302,1806.069087,1678.1463,296.2793583,1956.572593,2200.353341,2075.846195,2236.119635,2120.240701,2240.989696,2425.669288,2125.436579,2160.051516,2047.662618,199.4632536,2433.640169,2505.654743,1956.095691,2241.784199,2444.547445,2589.479242,2707.100827,2815.086316,3141.490494,2130.131125,355.5403458,2357.008856,2436.099718,2361.391813,2666.875325,2777.863344,2920.876225,2976.658411,2998.738778,2282.807539,2447.929203,447.7494171,2456.84424,2578.357519,2701.651185,2769.219381,2640.873937,2623.694164,2639.391703,2554.603558,2664.604657,2740.640104,534.3131048,2747.549144,2780.898922,2752.110567,2873.239036,2786.733437,2875.495084,3024.210461,3187.847531,3155.854456,3294.579681,852.5948943,3457.675123,3597.064799,3231.066695,3070.934137,3653.436691,3632.475859,3816.681896,3617.569703,3895.752856,3775.881258
Electronic Recycling & IT Asset Disposition Services,1241.536823,291.0832722,3619.893239,3596.698539,3838.682455,3058.506638,2944.159423,2917.444887,2935.490139,2924.493565,2867.792676,3097.364763,493.4029591,3250.772406,3284.70184,3211.922348,3120.576226,3102.287721,3458.884184,3452.761894,3333.153092,3425.092047,3602.767461,408.8106409,3631.651459,3542.011329,3659.071583,3741.905665,3867.743975,3847.201848,3897.973371,3785.869531,4005.517706,4010.406816,423.0227495,4101.827247,4092.6489,4034.248933,4128.105087,4266.103509,1240.047705,936.1160894,935.2410761,1230.02634,1405.845756,1622.151728,1108.397833,1450.685663,1132.107091,1382.84265,1492.512224,1335.28459,731.0997064,917.5818382,546.5365875,786.2983793,928.8287051,1248.462164,901.4551625,1208.257643,1604.811943,1259.708238,1282.515077,1674.730769,1856.008162,2084.154095,1882.148664,1564.39077,1188.012274,1843.870129,2070.286018,2338.267803,2399.342225,2187.183985,2199.113425,2546.897567,1479.460385,1627.090627,1620.097801,911.1370561,2001.391198,2146.847628,1655.026449,1962.517021,2267.807513,2307.743972,2343.014299,2332.480264,2631.993407,1354.821992,725.4044708,1785.284427,1717.972368,1681.354399,2119.488373,2135.094775,2212.232752,2418.857574,2388.842065,2320.557196,2442.628947,723.5607353,2380.848197,2431.825868,2494.22702,2529.410239,2805.424061,2734.149125,2698.002632,2579.158159,2666.948065,2758.090577,530.763655,2704.70864,2624.873688,2642.966322,2747.596713,2517.908977,2501.238907,2573.599623,2759.409634,2796.311436,2948.042172,240.9841194,3075.528138,3173.798561,2972.958314,2836.040128,3326.654221,3385.323469,3556.833489,3409.438983,3715.42373,3663.499235
"FabTech Enterprises, Inc.",1800.562502,531.2323525,3055.920762,2856.961657,3084.184312,2613.386101,2461.629553,2399.305859,2396.210466,2357.732045,2266.443827,2506.147368,459.95746,2651.251454,2775.184435,2676.355408,2575.991706,2543.652154,2927.722808,2888.522635,2749.648475,2822.159696,3093.181955,825.4011462,3091.170393,2993.167287,3140.455641,3185.547707,3288.827032,3291.812573,3367.34962,3312.644085,3487.326656,3558.382559,435.2184162,3643.24753,3605.541589,3532.352819,3628.462619,3842.033693,1640.560321,1266.654399,1077.372945,1505.487583,1550.852029,1662.964369,1687.10233,1490.693039,1099.567873,1296.199641,1344.230707,1115.383134,639.2478085,807.7269141,318.6804089,93.95684801,304.3714846,1713.551255,145.9860419,501.139847,1396.928536,910.92322,790.1727574,1639.229735,1739.438965,1920.446546,1611.277077,1228.583517,1693.782144,1433.90869,1604.035027,2124.897673,2102.009369,1849.643429,1778.159673,2199.171751,730.7230595,935.3266075,1009.157094,1499.291153,1330.787019,1508.594878,1138.127993,1403.030608,1739.663544,1703.582211,1683.630873,1607.179505,1880.926079,550.3043092,1423.450745,1049.979603,918.7975363,897.7649427,1373.471367,1348.05819,1406.127722,1654.884351,1606.136366,1940.77219,2015.257308,1252.717949,1910.251247,1905.896889,1921.065363,1932.139476,2461.23092,2357.790098,2288.048272,2157.425492,2220.222234,2313.136588,1227.915979,2222.880876,2073.872763,2121.642766,2206.270294,1903.210915,1824.540928,1852.156661,2040.669788,2111.04911,2262.525863,1034.308886,2366.999911,2443.128179,2334.754069,2219.446526,2636.399424,2734.186825,2892.645172,2778.750797,3088.179317,3076.986522
Good Sun,957.0023908,572.0432784,3663.864538,3738.022823,3989.295118,3058.406345,2961.868381,2950.988741,2978.034183,2979.650127,2940.067268,3161.159472,790.7250102,3316.382168,3308.355144,3248.257529,3162.391831,3150.78847,3489.731379,3498.902324,3389.955487,3490.137248,3622.085543,369.9765845,3664.561105,3579.866814,3681.726053,3780.903105,3916.145539,3884.598359,3923.347298,3787.025708,4024.102388,3999.927115,626.6457252,4093.173902,4096.470377,4045.217697,4137.1161,4241.20235,1002.873167,754.778344,837.2190818,1039.162625,1250.122713,1490.026841,822.4373007,1330.634948,1073.506108,1316.195916,1439.388643,1323.238842,787.062931,927.725572,753.4612644,1011.20692,1107.56564,989.6340906,1162.781357,1383.602678,1565.375388,1303.040247,1374.596189,1567.159595,1767.952125,2002.980863,1849.674318,1575.419165,919.2796829,1866.037147,2104.623297,2266.116136,2356.552577,2166.799121,2210.729196,2519.154896,1659.502747,1774.14487,1732.890878,629.4053448,2125.921717,2252.025487,1728.638257,2039.044207,2320.894077,2392.973153,2453.56004,2478.428185,2789.977725,1574.96804,424.6931579,1948.653418,1926.417633,1877.040246,2281.650349,2326.529692,2424.415688,2588.516815,2573.633787,2311.929741,2449.161883,481.5614177,2406.677639,2479.400897,2560.911487,2606.262367,2769.991457,2712.916586,2690.974829,2579.76627,2675.558426,2763.903457,234.5739745,2727.0195,2678.750019,2683.472056,2794.618664,2603.132246,2617.433289,2713.4715,2895.122271,2912.31454,3062.110502,95.71498338,3201.334825,3312.443804,3061.642486,2916.173318,3439.036439,3475.434387,3652.199176,3488.603589,3789.519043,3717.752545
Green Century Electronics Recycling,272.2812179,1246.600376,3688.113562,3990.705544,4258.649564,3000.106264,2949.752537,2976.528406,3023.45904,3054.456297,3056.369174,3248.87794,1479.196497,3402.741536,3296.367076,3268.327175,3198.58696,3203.1075,3488.460121,3533.382339,3453.12061,3569.412366,3589.393344,815.7362717,3662.673727,3592.245068,3655.103865,3790.002263,3943.7758,3887.041429,3896.319654,3706.524317,3978.385399,3886.170844,1215.60863,3981.375846,4014.041124,3980.960779,4065.944835,4087.581571,518.8236401,598.6904795,860.4262283,712.6425928,973.0847536,1232.560564,151.4250375,1135.817239,1099.939098,1261.704842,1393.738374,1395.009578,1134.017275,1146.211425,1322.784702,1572.122437,1583.500609,416.8083627,1771.92137,1822.565658,1531.869844,1497.539823,1655.90174,1363.195244,1587.238067,1814.803313,1796.187842,1657.013194,318.7817032,1937.979091,2182.549386,2078.639935,2234.174856,2112.251305,2227.949258,2422.395198,2084.229569,2123.524294,2014.971803,159.1469329,2402.720858,2478.393765,1928.424605,2216.946191,2425.745047,2566.213868,2680.398945,2783.304317,3109.391145,2084.140287,301.7010401,2319.743228,2393.188821,2319.749006,2631.750571,2738.963817,2879.53042,2941.965308,2961.800758,2274.226862,2437.932394,402.3850257,2443.201368,2561.692188,2682.469606,2748.707062,2640.977853,2620.741112,2633.690756,2546.701416,2656.006775,2733.1567,478.7201401,2736.918262,2764.595191,2738.073322,2858.820651,2764.871069,2848.902902,2994.509196,3159.620952,3130.807333,3270.530138,797.2804204,3432.309904,3570.034611,3211.161425,3051.70122,3631.199603,3614.132015,3798.105629,3601.148149,3881.349406,3764.698922
Green Clean Solar,3420.995762,2976.450823,778.5658383,624.5637404,894.7062313,1069.844587,909.5306384,768.4846439,680.0936459,569.9930426,461.4178623,431.1843333,2972.514597,409.8886896,849.0405597,708.9247882,651.2433998,585.1210117,825.839427,671.8103769,520.650165,476.9056559,1002.387286,2922.255988,887.2052165,793.5313527,998.8627508,898.7294156,912.3804851,984.0447442,1120.674856,1273.050684,1253.436877,1516.875992,2772.193837,1559.612898,1441.922121,1338.979675,1422.312015,1819.730056,3068.452876,2866.479538,2612.724634,2822.739932,2604.363664,2412.425064,3395.749718,2414.176342,2365.682708,2221.52347,2097.190664,2070.430811,2502.487254,2385.231231,2661.864111,2484.905754,2283.012329,3208.932755,2532.19904,2020.720269,1965.883782,2004.306121,1915.644089,2258.777869,2076.035199,1948.657815,1754.417598,1808.31194,3271.498101,1534.322215,1296.994861,1810.092623,1570.633238,1508.816648,1311.289879,1406.680876,1789.278552,1582.885624,1566.183071,3313.889446,1191.403002,1040.068019,1566.961809,1260.492948,1049.539068,904.6998126,843.5120244,933.3876443,781.1009831,2034.934559,3443.277991,1473.137466,1720.643635,1681.350365,1182.283792,1337.8567,1463.914919,1002.467965,1136.91872,1361.512031,1193.168394,3123.539851,1104.579243,941.3672632,793.0728505,718.3339807,1418.620003,1303.720426,1190.876114,1171.316048,1071.936844,1063.275346,3323.702362,945.0868739,758.9296668,837.9407827,727.5657373,700.7066638,691.2119625,703.0873439,534.2336879,406.0454709,259.6018567,3325.199592,265.9097452,397.4046855,269.2167648,433.0874494,177.2684834,242.7642948,378.218144,341.9299225,615.4649603,717.1666278
Green Lights Recycling Inc.,2167.992251,2307.356748,1423.097397,2071.453851,2344.175034,711.8185413,682.6029933,751.2571845,822.8905197,900.899336,989.0058959,1090.152273,2420.059729,1224.281966,1017.924171,1014.795845,967.2687363,993.0276342,1211.93146,1281.635955,1237.311961,1366.618367,1301.676084,2022.298698,1383.06036,1321.551583,1368.020527,1513.76818,1675.401843,1606.568073,1608.475586,1427.452451,1690.683621,1629.056275,2078.074958,1722.990088,1737.31706,1697.02749,1784.652501,1870.096065,1807.889562,1731.138925,1547.561604,1580.085845,1325.0345,1081.673318,2181.546693,1152.715182,1300.183633,1067.141316,937.5049587,1063.863116,1677.52594,1481.790703,2019.402849,1982.439543,1754.997229,1945.526065,2157.988427,1629.034872,807.5089153,1178.800661,1269.201856,935.1709893,715.6178419,526.6361131,522.9801732,852.281459,2027.455737,628.3170026,533.4457416,362.0818491,127.0637192,214.2173521,337.0245527,147.7724426,1587.739083,1355.812931,1163.398148,2160.882754,1153.546312,1007.406066,958.5749213,830.9096715,612.1253408,863.9818013,1075.44148,1372.021723,1595.890181,1864.321349,2366.030454,1444.878987,1789.564774,1685.213657,1460.898686,1721.566211,1945.403198,1613.4375,1744.161786,153.2961919,265.6074557,2040.932126,405.6201425,585.7749412,756.6034178,851.4399438,409.4575919,341.0425332,348.0210015,291.6372907,404.8989145,461.5963589,2312.939803,520.1924553,706.9918756,613.1014173,722.9205951,916.0201056,1169.784854,1404.928422,1456.593105,1303.906603,1376.487909,2441.374586,1558.433743,1736.275405,1185.371968,1030.468507,1625.612347,1502.213144,1679.819936,1445.291996,1675.535369,1515.680284
"INTERCO TRADING, INC.",2718.750573,2446.820686,1008.3542,1329.082598,1605.073077,693.0131053,494.6822167,377.2931536,350.0253525,307.8437884,276.5706374,481.962424,2488.779752,637.3378798,738.8557951,626.2951056,524.1692973,491.830235,876.8146181,840.3364723,714.6239006,810.927621,1049.090251,2309.315266,1038.601697,940.9966016,1091.768417,1135.611205,1251.035758,1241.937819,1315.008406,1289.15166,1436.565025,1546.156192,2226.338923,1622.803549,1566.01643,1486.498124,1582.655551,1847.648854,2362.315312,2185.140641,1943.852483,2117.82731,1891.448704,1692.566545,2701.82312,1701.905126,1690.135798,1523.232435,1394.712417,1397.722755,1900.494455,1753.909258,2131.276952,2001.78477,1778.462006,2503.23939,2105.936244,1554.573512,1259.778055,1376.186372,1339.330487,1538.67733,1354.266339,1233.13013,1035.068956,1132.020753,2570.099505,843.7734755,598.3074237,1118.864386,883.8755085,790.0330732,589.7769044,750.3559667,1388.838433,1144.4808,1044.005568,2634.049651,776.8988633,577.8967358,963.7898284,660.7699895,360.5201344,362.1737018,492.875712,781.5106279,906.88045,1671.778829,2785.624312,1121.80563,1453.667829,1374.6984,968.0570175,1216.980888,1420.447811,996.0793833,1145.619036,650.0298023,492.4422883,2459.873373,384.2219802,222.5948725,131.9026427,161.6905282,853.9796147,714.9723808,587.5515334,514.439536,450.3447437,494.0645098,2684.096657,341.6318504,59.33742862,175.9189609,172.2571534,230.3722608,496.6435355,718.0466099,722.6411802,552.1461556,619.0644351,2726.716985,801.5426914,978.8548002,452.8256501,288.713569,898.6646917,835.5643229,1020.24849,821.9385184,1113.515548,1045.061164
Mitsubishi Electric,1582.143559,165.1189485,3578.774502,3436.734068,3665.34264,3076.387219,2942.55086,2897.315201,2904.276296,2878.189956,2801.452598,3038.196421,151.1110249,3187.501074,3271.543172,3184.474284,3087.698559,3061.590071,3435.160806,3410.757625,3279.607038,3360.545053,3591.29928,651.7015909,3603.676654,3509.018563,3643.071353,3705.582168,3818.997932,3811.835694,3876.522762,3794.1857,3991.233365,4030.500786,383.9315124,4119.023118,4095.171827,4028.774751,4124.194223,4301.169249,1541.602208,1203.900538,1133.318283,1492.573214,1630.333061,1816.476842,1451.059136,1638.990941,1276.413494,1519.966966,1609.949794,1416.223368,801.1629077,1010.355933,445.55455,594.3516947,798.1385303,1567.767025,625.1081723,1057.37447,1702.39056,1281.710726,1242.106502,1842.372894,1997.559382,2212.269458,1961.825947,1606.655795,1516.191454,1861.665301,2066.434889,2450.884117,2477.649972,2244.55584,2218.890168,2605.111926,1306.87921,1494.75803,1533.944189,1252.453259,1886.711939,2053.284077,1617.571239,1910.208639,2236.163547,2235.540201,2238.177395,2182.294144,2461.2592,1127.118024,1081.123751,1625.033587,1496.054389,1478.892369,1952.223124,1927.962526,1975.387481,2236.071957,2186.455325,2361.196161,2462.897482,1044.346299,2379.524499,2403.256582,2441.090484,2463.081276,2868.183897,2781.583064,2729.459472,2603.749897,2680.533731,2773.446147,884.4206621,2701.380347,2584.945475,2618.900751,2713.878986,2441.426778,2386.185942,2427.099656,2615.460573,2676.760323,2828.836076,593.98588,2940.051076,3021.115447,2884.950488,2760.522226,3205.135226,3290.633321,3453.980212,3327.881935,3637.021667,3609.582647
"MOTIVE ENERGY, INC. (Power Solutions)",1583.015974,158.7047859,3567.297952,3424.885832,3653.555416,3065.631813,2931.546576,2886.094358,2892.936602,2866.708433,2789.815755,3026.598962,142.3053636,3175.865952,3260.370377,3173.151978,3076.328189,3050.146661,3423.860669,3399.281684,3268.040672,3348.89348,3580.123831,648.7489196,3592.323087,3497.620839,3631.841714,3694.142985,3807.446279,3800.400438,3865.221741,3783.23976,3980.003585,4019.698777,374.8590659,4108.175541,4084.133863,4017.643526,4113.076475,4290.568462,1539.71792,1200.646075,1127.569088,1488.834856,1625.013136,1810.031528,1452.185066,1632.457019,1268.900932,1512.057316,1601.488904,1407.058292,792.5720842,1001.884085,434.7281569,582.4583412,786.4026342,1566.945828,614.1040783,1045.494106,1693.418337,1271.502514,1230.996573,1835.108101,1989.513264,2203.808426,1952.362075,1596.618736,1516.023082,1851.123299,2055.528593,2441.989293,2468.016342,2234.577316,2208.289406,2595.07296,1295.003256,1482.888442,1522.294421,1253.52819,1874.872384,2041.527184,1606.356759,1898.77633,2224.891159,2223.902299,2226.356834,2170.405304,2449.429138,1115.570521,1084.410206,1613.147653,1484.522701,1467.176763,1940.363142,1916.336391,1964.124108,2224.29052,2174.808839,2350.898767,2452.258495,1043.996723,2368.595025,2391.995312,2429.584778,2451.46735,2858.183686,2771.326444,2718.950046,2593.153399,2669.764542,2762.689898,887.2632118,2690.380716,2573.547421,2607.663797,2702.530372,2429.743542,2374.32589,2415.20954,2603.569635,2664.883744,2816.957953,599.0259308,2928.157585,3009.241363,2873.178296,2748.826099,3193.249605,3278.818803,3442.133172,3316.127814,3625.275456,3597.998509
NovaTec Recycling,3166.61831,3040.320995,427.9027098,1253.520936,1494.319052,421.7690598,337.7611967,289.0386302,264.2673643,312.0748525,457.5795522,271.0234461,3090.894812,288.4311431,176.4359889,28.49909326,82.54057713,134.6986917,270.2739669,269.5918119,238.1788592,369.7255972,447.8587171,2869.739734,435.2749299,343.3530453,486.0417505,543.8439849,683.0572849,648.6288499,709.5642268,704.9096863,830.0101659,965.4435179,2816.80551,1034.199508,964.4305264,881.4687039,977.4659023,1273.723831,2805.498182,2682.044018,2462.028074,2569.301226,2322.359682,2090.197866,3168.649965,2140.803094,2205.643983,2006.422204,1873.182651,1924.954793,2472.138048,2310.1874,2726.439716,2605.606334,2380.641488,2945.219694,2712.497531,2160.842153,1734.808735,1942.412915,1929.907451,1939.586823,1726.369554,1542.905739,1468.421493,1664.593341,3022.329079,1372.286367,1133.291091,1338.977694,1111.925606,1159.169403,1041.674258,918.4667829,1992.586621,1749.785419,1648.929848,3126.185501,1374.037049,1176.872019,1552.82473,1259.559958,933.8064386,965.1230505,1054.631178,1296.839202,1300.683932,2273.323024,3304.017341,1715.386333,2035.007713,1963.738848,1519.679918,1745.969754,1925.755035,1464.645226,1616.431878,995.2790667,826.7443889,2975.619722,833.8549718,767.8048583,738.4620382,742.8214088,832.38764,755.0460476,680.2528989,731.1091878,617.3103535,556.2080035,3220.955843,526.9670138,584.7302488,555.8985865,454.5331286,790.2220158,989.9603817,1146.434552,1053.847562,855.8914628,801.4083171,3291.530321,920.0540646,1076.064502,545.5393151,533.9388367,813.4896264,592.8541764,735.3063397,492.2468192,664.3491141,502.6109607
"Recycle Technologies, Inc.",2617.931512,2625.929401,968.1196488,1687.342484,1952.065651,309.2789927,225.9926486,310.067006,392.7221385,494.3601684,626.3086115,664.2335601,2708.726333,784.1865788,568.8113642,557.8897891,514.8819288,547.9383343,761.4637556,824.7305376,785.3059977,916.2154907,869.226665,2396.467397,935.1696483,868.1775688,932.2975608,1063.49988,1221.841581,1159.520244,1174.885268,1034.079576,1268.519647,1263.705777,2397.207126,1353.163603,1341.472131,1287.517205,1379.756463,1537.214037,2257.055212,2156.846636,1953.289603,2024.860658,1773.442464,1535.347422,2626.152006,1595.923119,1699.044489,1482.750245,1349.72202,1434.485492,2020.875658,1840.65672,2321.646889,2241.282647,2010.91208,2395.787429,2385.050308,1832.954951,1212.996311,1496.131197,1531.436156,1386.563991,1170.006603,982.3956867,934.8644694,1188.58569,2475.550096,909.762961,704.3711541,784.5521521,552.80379,615.4291339,552.7826838,363.0633867,1724.376957,1476.689657,1323.602611,2594.970659,1168.486407,979.2428533,1168.77691,930.598683,601.0960036,774.7015508,955.9619502,1257.232014,1397.77832,2011.920346,2787.238522,1505.994496,1853.206083,1761.371288,1416.924294,1675.347326,1887.847327,1481.152907,1628.384585,455.1537541,309.4530041,2459.517496,397.6520466,461.6518242,568.7113823,642.3201357,370.7077344,241.6513121,128.7342936,181.4573406,86.85494986,6.338902728,2719.200937,149.5574397,432.135663,316.1889406,367.1087146,714.5464068,985.5327095,1209.219737,1203.854096,1019.763664,1050.871576,2819.478829,1222.043569,1400.14657,819.0532825,689.3510092,1233.113964,1076.797331,1247.272645,1006.880913,1221.935264,1058.813313
Recycle1234,1138.880731,514.5534052,3790.208949,3806.665706,4051.585167,3205.010649,3100.242068,3081.740442,3104.32886,3099.43668,3050.560477,3276.57106,698.4714477,3430.987111,3444.352923,3378.008566,3289.293663,3274.262695,3622.451094,3623.978077,3509.364279,3605.229528,3760.465794,507.0474839,3796.441939,3709.215137,3818.584057,3909.867317,4040.439879,4014.453151,4059.119164,3933.850449,4163.17964,4151.972786,640.513368,4244.514336,4242.364948,4187.841687,4280.704038,4399.38167,1201.822246,950.4955528,1012.411546,1237.224925,1443.269268,1678.738335,1004.07272,1515.757348,1237.240827,1484.536424,1603.447233,1470.105268,895.3813573,1060.94317,766.6470732,1011.052347,1144.753226,1184.618741,1126.024347,1424.531569,1724.789788,1423.841315,1469.560673,1749.679137,1945.243865,2178.682272,2007.400066,1713.383346,1111.075287,1999.943988,2233.352563,2439.407017,2519.546796,2320.499113,2350.557478,2676.581448,1697.691749,1836.349738,1817.142283,816.4090703,2203.859893,2342.294704,1835.67029,2145.458954,2440.635719,2495.285012,2540.920341,2542.728905,2846.147575,1579.94245,584.2469089,1999.800434,1942.028451,1903.296859,2334.212728,2356.718593,2437.056837,2635.910362,2609.354319,2461.001387,2591.829471,681.1761692,2540.258864,2602.320305,2673.885654,2713.705054,2930.858311,2868.025735,2840.069485,2725.331437,2817.695564,2907.450557,416.6891656,2862.868843,2798.758778,2810.35028,2918.364878,2705.823318,2701.529294,2782.225014,2966.885635,2996.918205,3148.101846,104.7631495,3279.956062,3382.614887,3162.977103,3022.232809,3526.453488,3576.374972,3750.194297,3595.862177,3899.90035,3838.826381
RecyclePVSolar,936.3799739,538.2904304,3550.684676,3633.016571,3885.706917,2945.658979,2848.656132,2837.725128,2864.884438,2866.840139,2828.071428,3048.659791,768.5875571,3203.932046,3195.097327,3135.003895,3049.212307,3037.749484,3376.448452,3385.77389,3277.131898,3377.626037,3508.893495,258.144918,3551.279713,3466.613983,3568.492636,3667.653788,3803.031539,3771.333222,3810.094993,3674.345872,3910.945655,3887.828848,553.4347844,3980.991987,3983.726538,3932.236821,4024.200558,4130.08278,942.4937294,667.0581417,730.0351988,956.9332081,1157.36282,1392.093604,804.0048995,1229.630904,962.7834336,1206.910284,1328.997125,1210.247147,677.4970828,814.6395282,677.052478,936.4237222,1016.635864,943.8411283,1103.425559,1289.725576,1454.040071,1190.614608,1265.930477,1464.40708,1662.354666,1896.718049,1738.134092,1462.142512,881.7023138,1752.762155,1991.447895,2158.915231,2246.212268,2054.714647,2097.526227,2407.713506,1565.517187,1672.500184,1625.864341,605.958616,2019.815811,2143.273214,1617.524846,1927.824904,2208.180895,2282.15752,2345.224569,2375.252127,2688.663945,1493.673767,446.8453174,1849.844335,1839.679066,1786.5449,2181.891435,2233.711177,2337.664758,2489.888421,2478.626447,2199.328053,2336.095679,421.2341702,2293.396033,2366.452763,2448.740223,2494.69287,2659.25208,2601.127159,2578.423661,2466.894896,2562.481449,2650.91158,246.4080611,2613.74932,2565.96083,2570.318063,2681.593098,2492.182342,2509.636575,2608.991932,2789.810646,2804.263594,2953.728763,185.9553126,3094.357142,3207.271179,2950.742319,2804.690988,3330.256655,3364.492495,3541.6364,3376.866903,3677.406884,3604.804295
Silicon Specialists,1143.95458,507.4890256,3786.746686,3801.29691,4046.044422,3202.489566,3097.334981,3078.497994,3100.898597,3095.746725,3046.525187,3272.70377,691.1506356,3427.081568,3441.320123,3374.707255,3285.877925,3270.708344,3619.265473,3620.471119,3505.63763,3601.333875,3757.526845,505.0378119,3793.21258,3705.881377,3815.573512,3906.509178,4036.884263,4011.128638,4056.050681,3931.308339,4160.257729,4149.691264,634.4861996,4242.19273,4239.766077,4185.085578,4277.99122,4397.429232,1205.067386,951.9436465,1011.87268,1239.09368,1444.270465,1679.194449,1009.133788,1515.88157,1235.893059,1483.407717,1602.031789,1467.792443,891.7225714,1058.152364,760.4966895,1004.536151,1138.921585,1188.613311,1118.979631,1418.704955,1723.083422,1420.406449,1465.193735,1749.543467,1944.666977,2177.96474,2005.559038,1710.600983,1115.414199,1996.935754,2230.094237,2438.495449,2517.960924,2318.405268,2347.773925,2674.661921,1691.753574,1830.959021,1812.368417,821.0785467,2198.848778,2337.637124,1831.634934,2141.357401,2436.993904,2491.004786,2536.154621,2537.315418,2840.50979,1573.389689,590.0404888,1994.114726,1935.615134,1897.085794,2328.526165,2350.543221,2430.553915,2630.080537,2603.273408,2458.65438,2589.157338,684.0980371,2537.177464,2598.789053,2669.967459,2709.584222,2929.119431,2865.965769,2837.695035,2722.788837,2814.98143,2904.797655,421.3607991,2859.862743,2795.097443,2806.963302,2914.842947,2701.538285,2696.652381,2776.910624,2961.640264,2992.036243,3143.252485,107.1082361,3274.883876,3377.304478,3158.615495,3018.041793,3521.627915,3571.978831,3745.692753,3591.682402,3895.818957,3835.150215
Solar Recycling Experts LLC,1432.641648,117.3199247,3565.327489,3475.749275,3710.805718,3037.551454,2911.493902,2873.899328,2885.547502,2865.83086,2797.5732,3031.658461,282.7842935,3182.983506,3245.865184,3164.655107,3070.011006,3047.177897,3414.157752,3397.455873,3271.044653,3356.84145,3565.378436,517.9695332,3584.695765,3492.03006,3619.112012,3690.261651,3809.10103,3796.238696,3855.133912,3760.322282,3966.9732,3992.07646,333.2002375,4081.878797,4064.039288,4000.885034,4095.757195,4256.931908,1399.857888,1069.866651,1019.444857,1361.164713,1510.965526,1707.698376,1301.294294,1531.551906,1181.929918,1429.807454,1527.514584,1346.256907,726.7403917,931.4958311,431.3387104,634.6022035,811.3317624,1421.981185,714.2341695,1084.089617,1627.89883,1233.867468,1220.091085,1742.897946,1907.987427,2128.321764,1895.383361,1553.155375,1368.595363,1819.416379,2033.963672,2373.384324,2413.390063,2187.857146,2177.222217,2549.063876,1346.223285,1516.045687,1534.363385,1102.75314,1901.726459,2059.402419,1597.161945,1897.660303,2215.958209,2232.81611,2249.920655,2214.60173,2503.837812,1193.189637,932.2030164,1660.146513,1560.960542,1533.916773,1991.89434,1986.848842,2049.272618,2283.893292,2243.633455,2311.521942,2421.752764,897.4245957,2347.030842,2382.245027,2430.671549,2458.429711,2810.902551,2730.222055,2684.41568,2561.202248,2642.661979,2735.054658,734.8411942,2670.535719,2569.228541,2596.540436,2695.817278,2441.152038,2402.922102,2458.294454,2645.871064,2696.173899,2848.382184,451.1645567,2967.158386,3056.234226,2890.70374,2760.555679,3226.326006,3299.993077,3467.174057,3331.526291,3639.700695,3601.641873
SolarCycle,1115.771853,545.8600485,3804.813145,3829.937517,4075.641066,3215.403784,3112.377962,3095.388004,3118.822014,3115.102467,3067.790352,3293.02915,731.0861445,3447.611015,3457.035398,3391.905006,3303.710994,3289.306556,3635.813849,3638.791193,3525.175383,3621.801162,3772.710313,516.1566192,3809.994364,3723.242444,3831.148703,3923.996445,4055.456401,4028.42642,4071.935311,3944.300672,4175.330986,4161.242107,667.1089442,4253.960224,4253.058237,4199.245031,4291.908958,4407.163049,1186.815552,943.636437,1014.376252,1228.336238,1438.173379,1676.007468,981.0603182,1514.548621,1242.6959,1488.927017,1609.085981,1479.789865,911.3089225,1072.914533,793.7405601,1039.750923,1170.313282,1166.284156,1157.182083,1450.025667,1731.700619,1438.559285,1488.450783,1749.570577,1947.065493,2181.094829,2014.861355,1725.112417,1091.234811,2012.638227,2247.141277,2442.653233,2525.800272,2329.050025,2362.199442,2684.314272,1723.66719,1859.815538,1837.813132,795.2262629,2225.568835,2362.38875,1853.006229,2163.055872,2456.13065,2513.658561,2561.491153,2566.249724,2870.682423,1608.758551,558.1669712,2024.597839,1970.178066,1930.512208,2358.993778,2383.748192,2465.60698,2661.335505,2635.938061,2470.672056,2602.947172,667.9617149,2553.221137,2617.303196,2690.609404,2731.342139,2937.760154,2876.372032,2849.8293,2735.855673,2828.9832,2918.456213,395.9650286,2875.466398,2814.313953,2824.667149,2933.283036,2724.204057,2722.59591,2805.281645,2989.61907,3017.993089,3169.021732,99.24588059,3301.886658,3405.630963,3181.679761,3040.169263,3547.250721,3595.216976,3769.509082,3613.721519,3917.302373,3854.395536
Solarsilicon Recycling Services dba SRS,1500.286658,190.6066255,3644.671522,3532.094923,3763.739289,3124.671335,2996.387131,2956.423304,2966.532495,2944.598295,2873.170551,3108.345033,268.9807843,3258.94939,3329.208429,3246.085981,3150.699141,3126.728895,3496.041362,3476.709588,3348.553872,3432.542627,3648.868452,608.0312898,3665.946634,3572.587041,3701.995254,3770.287713,3887.224015,3876.381812,3937.234245,3846.215176,4050.016499,4079.264034,418.4427212,4168.734192,4149.193606,4085.06081,4180.114106,4345.646911,1482.116944,1158.260489,1114.023975,1450.546488,1604.271765,1802.635627,1367.601398,1626.650667,1277.392797,1525.138669,1622.312673,1439.396347,819.9009609,1025.584597,505.6731609,686.7254135,877.412176,1499.143489,737.3175175,1144.821315,1721.831164,1322.356711,1300.990799,1838.386741,2003.346469,2223.358478,1988.207127,1643.276903,1442.405419,1906.979196,2118.929931,2467.851837,2505.991402,2278.970057,2264.816623,2640.14801,1401.131168,1580.08768,1607.453119,1169.837294,1969.0028,2130.627761,1678.000299,1976.018583,2297.167585,2307.712333,2318.869199,2273.919212,2557.97408,1232.665514,984.0307513,1717.623673,1601.611403,1580.448304,2047.291951,2031.480598,2084.514598,2335.062194,2289.42146,2401.143426,2509.305989,973.5813235,2432.15355,2463.80236,2508.568232,2534.184477,2902.295307,2820.347146,2773.044153,2649.165951,2729.413072,2821.974994,790.7822842,2755.292395,2649.070458,2678.628384,2776.512504,2515.193551,2469.744213,2518.295198,2706.344157,2761.911478,2914.117436,488.5836363,3029.368531,3114.485144,2962.483118,2834.610124,3291.42421,3370.382739,3535.949761,3404.308982,3712.952141,3679.002065
Sunpower Corp,1166.40612,490.66172,3786.79796,3793.689694,4037.650161,3205.871712,3099.392457,3079.368899,3101.089419,3094.980758,3044.454064,3271.265057,670.6657406,3425.492505,3442.923731,3375.355418,3286.114663,3270.438118,3620.320948,3620.363575,3504.720172,3599.776902,3759.450728,510.7003744,3794.10652,3706.401982,3817.244307,3906.936025,4036.586519,4011.674425,4057.510667,3934.596476,4162.230856,4153.850999,624.1135209,4246.216531,4242.853433,4187.63439,4280.687167,4402.667374,1224.352875,967.185537,1021.730511,1255.309571,1458.292061,1691.741252,1031.573384,1527.532715,1243.258814,1491.403333,1609.124743,1472.009444,891.3603411,1060.839966,749.4106694,991.3334575,1129.336313,1209.346049,1102.152218,1409.094926,1729.243066,1420.720455,1461.951901,1760.43667,1954.265631,2187.129643,2011.25823,1713.188728,1136.751926,1998.704794,2230.954481,2447.062895,2524.439419,2323.25775,2350.299619,2680.062595,1681.56144,1823.34456,1807.425917,842.9681211,2192.872563,2333.132422,1829.642788,2139.081369,2436.439703,2488.007257,2531.192009,2529.550006,2831.698352,1559.889111,613.3051815,1985.12274,1922.894275,1885.473833,2319.508553,2339.093196,2417.295096,2620.361194,2592.302533,2462.658451,2592.052137,702.8029674,2538.64872,2598.633771,2668.36147,2707.197911,2935.090571,2870.899294,2841.58701,2726.118741,2817.720292,2907.742627,443.3229394,2861.583175,2794.45114,2807.324439,2914.706226,2698.510477,2691.21699,2769.579107,2954.607297,2986.566863,3137.914314,125.7747399,3268.59471,3369.969392,3155.265117,3015.368477,3516.377004,3568.477415,3741.76423,3589.032983,3893.542784,3834.411411
Surplus Service,1143.107332,509.8414838,3788.596996,3803.529692,4048.304217,3204.112256,3099.053323,3080.296778,3102.741279,3097.648623,3048.502987,3274.645137,693.351447,3429.031369,3443.069069,3376.520006,3287.717317,3272.579606,3621.051018,3622.331656,3507.547896,3603.281564,3759.253199,506.5208428,3795.008535,3707.701836,3817.317222,3908.335387,4038.756047,4012.947024,4057.808406,3932.936609,4161.980063,4151.25335,636.8102638,4243.765125,4241.408685,4186.767271,4279.662227,4398.905778,1204.927514,952.4159585,1012.954141,1239.429531,1444.887745,1679.981841,1008.291492,1516.769306,1237.203754,1484.658463,1603.362016,1469.360431,893.6145904,1059.8395,762.8345401,1006.903455,1141.221975,1188.196048,1121.334797,1421.004877,1724.49271,1422.248727,1467.24007,1750.509251,1945.762058,2179.100532,2007.004693,1712.287591,1114.863974,1998.677869,2231.896258,2439.686682,2519.338707,2319.91781,2349.461524,2676.129005,1694.067896,1833.194842,1814.495495,820.3960014,2201.019957,2339.742176,1833.612031,2143.348923,2438.884631,2493.034076,2538.280538,2539.555148,2842.78386,1575.758854,588.8755446,1996.395498,1937.976362,1899.430248,2330.807156,2352.884254,2432.920683,2632.381259,2605.604572,2460.23242,2590.817515,684.0702223,2538.937641,2600.65473,2671.919734,2711.58016,2930.538665,2867.46988,2839.280347,2724.416682,2816.652184,2906.453235,420.6729235,2861.604989,2796.99277,2808.79581,2916.706651,2703.568667,2698.799236,2779.134335,2963.852511,2994.184122,3145.394342,107.2373145,3277.066273,3379.527653,3160.661807,3020.052679,3523.765409,3574.0323,3747.767509,3593.691097,3897.806877,3837.049253
TBF Computing Inc,3446.561768,2995.574604,784.8464764,598.0963081,867.8708297,1092.604383,933.9116189,793.5713426,705.2571805,595.8676805,488.4223568,453.9924107,2990.010465,426.1359622,867.1667986,728.2739686,672.8509413,607.2656597,838.9473317,682.7328474,534.2246535,484.366223,1013.634395,2944.397914,895.5420011,803.274209,1008.381913,903.1391188,911.6331443,986.6076844,1124.970412,1283.371229,1257.320434,1525.475563,2792.027755,1566.765986,1447.224851,1343.856295,1426.238452,1827.285105,3094.232287,2891.217278,2637.040125,2848.484268,2630.514668,2439.002408,3420.938749,2440.310119,2390.323721,2247.072452,2122.933946,2095.080266,2524.457112,2408.286998,2681.246708,2502.817371,2301.873856,3234.679656,2548.103144,2038.68311,1991.801106,2027.503254,1937.277994,2285.379005,2102.876858,1975.679421,1780.988076,1833.210442,3297.037185,1559.832445,1322.89307,1836.965063,1597.49426,1535.800904,1338.05585,1433.253985,1805.588071,1600.9351,1586.772171,3338.487252,1210.30078,1061.090692,1589.883006,1283.921113,1075.425219,928.3528534,863.5662418,946.5143538,785.6797047,2049.466877,3466.954427,1488.873579,1732.745491,1694.906991,1195.19501,1346.567656,1469.120688,1009.575167,1142.204261,1388.536949,1220.179714,3147.522815,1131.510059,968.0307955,819.1582682,743.8033139,1443.819163,1329.471191,1216.988394,1198.036271,1098.422444,1089.199554,3346.70283,971.6217278,785.9093849,864.9348912,754.4130679,725.177201,709.5317343,713.8283424,541.6588905,421.5678396,272.6028209,3346.648208,260.4019783,382.079838,296.1497453,459.9042956,150.2805555,238.2442524,362.7040523,344.1854562,608.7374,719.4164045
TG Companies,1946.261107,656.5311703,3032.746895,2777.716298,2997.924242,2623.235548,2463.907989,2393.184046,2384.547319,2338.907192,2238.474881,2479.089425,545.1918845,2620.701178,2768.079041,2663.290481,2561.332518,2525.455353,2914.014128,2866.297915,2723.006856,2789.488488,3083.906245,972.2922937,3074.022039,2974.413579,3128.626118,3163.685025,3260.340674,3269.643808,3351.222842,3310.928936,3473.736345,3560.307645,580.3395417,3643.236009,3598.986933,3522.571327,3618.77049,3848.92021,1780.434807,1406.390414,1208.33501,1638.641382,1672.096667,1770.853781,1833.444039,1601.666322,1212.40776,1395.665033,1433.204263,1200.550945,769.6130291,924.6170705,465.4978295,225.8130152,372.4968705,1856.202306,69.86801265,487.9440938,1474.66477,981.7902671,834.0523119,1737.716847,1824.294288,1994.68171,1672.306326,1287.53269,1838.145978,1470.149667,1622.597319,2187.617311,2149.329847,1892.755656,1804.227948,2234.977303,673.9565924,899.9024145,1002.94475,1646.022538,1292.68632,1478.757562,1156.487075,1400.774591,1739.388363,1681.626788,1643.526194,1542.1127,1801.506064,450.8390589,1569.115949,989.7420981,817.5908438,810.9229534,1301.607353,1252.302582,1293.212986,1570.650446,1511.316296,1973.374081,2035.997347,1399.225879,1922.17534,1903.576268,1905.297377,1909.053743,2494.768866,2385.627095,2309.260892,2177.54193,2233.731979,2325.997919,1372.923933,2227.843302,2062.452971,2117.68327,2195.982171,1875.100353,1776.387113,1786.225477,1974.286778,2056.959046,2207.155126,1170.996731,2302.418486,2369.367827,2294.813587,2187.293778,2576.987059,2687.371596,2840.755159,2738.071866,3046.85732,3047.502693
The Retrofit Companies,2208.426026,2268.598553,1376.853506,1970.194104,2244.282555,697.5997305,635.0824093,682.4813736,746.908883,814.5286222,889.9453732,1007.929569,2371.093622,1148.003356,980.5605812,960.9338698,903.5128776,922.3870035,1172.96243,1228.379686,1170.860997,1297.591431,1277.91434,2006.637228,1346.898649,1278.462429,1342.14492,1474.845073,1631.576161,1571.258246,1584.430867,1424.646825,1674.102109,1638.673691,2038.977129,1731.245641,1734.513361,1687.442137,1777.61842,1892.458033,1847.35613,1746.54727,1548.637315,1613.797822,1363.797643,1130.370413,2214.856395,1184.797754,1296.419371,1074.033294,941.5680577,1043.234714,1646.894577,1457.366065,1974.017251,1922.901936,1693.701389,1986.583495,2090.078501,1553.025284,806.2712409,1135.045005,1206.970951,979.5958391,767.7330782,603.1935815,524.9189678,813.3555005,2065.268861,563.1716292,433.4969576,471.8180036,244.7747002,203.8381738,235.6121032,211.0404343,1496.751242,1260.409561,1073.976646,2183.488135,1041.766467,890.9834559,878.2876547,726.1315108,493.1934552,744.3945788,955.7913288,1252.868212,1476.45266,1776.827811,2378.388974,1340.558789,1687.246271,1584.312836,1345.540869,1606.825045,1830.311958,1494.130447,1625.492588,55.89663971,158.2470668,2051.212733,286.8567368,468.2754592,640.0124879,735.0876546,466.002111,365.1034804,328.2111546,231.2735324,343.2071809,417.354187,2315.286533,443.1410549,600.1101303,513.5969278,628.8987788,798.6044742,1050.578085,1285.630383,1339.712068,1190.196858,1267.290615,2428.306851,1449.889023,1627.000986,1084.651883,926.7361984,1528.067546,1416.479294,1596.63289,1366.506137,1609.36209,1462.283872
United Electronic Recycling,2629.031664,1868.387336,1806.238803,1490.379092,1731.251004,1601.963914,1406.535547,1287.885547,1246.005905,1163.009073,1021.974637,1254.315734,1834.780263,1376.341462,1629.514896,1497.971523,1393.312377,1340.913701,1733.708831,1648.393919,1491.066178,1533.146247,1919.140409,1914.637609,1872.014058,1768.297826,1949.632293,1939.305052,2009.646304,2041.750639,2146.291317,2177.064229,2276.946734,2437.288945,1684.942214,2507.32053,2431.492695,2341.798621,2436.07166,2743.926789,2318.706031,2022.598159,1749.988384,2084.426569,1940.448037,1848.772841,2566.890985,1766.927394,1550.091168,1516.566117,1434.648796,1289.636028,1502.723549,1450.944044,1564.366547,1357.474633,1179.743866,2447.544932,1378.410845,902.207273,1350.033042,1114.882663,940.9259166,1720.512348,1636.135598,1648.995135,1304.124289,1097.977213,2483.337218,971.5795108,889.3125407,1681.05809,1507.037646,1279.712485,1066.725514,1472.192737,644.4069628,488.6986649,587.5354389,2437.823619,264.2488861,391.1601001,740.3603189,606.0415003,796.9155535,581.7231803,422.7643739,232.8064944,527.6001881,874.4258602,2500.08646,326.0354179,571.8074813,521.2194106,65.58163274,327.1037766,550.0858161,346.8307916,405.6078205,1242.56532,1187.238755,2210.36754,1027.763649,898.7503778,799.6517607,753.0215597,1669.367738,1529.569492,1411.749652,1294.036294,1287.817869,1361.047174,2346.181297,1218.252689,961.1811027,1060.112,1084.735924,692.1217257,499.2328764,477.526728,665.9921797,755.6268823,902.6784726,2279.99181,993.3605163,1070.871184,1026.005847,954.0687919,1268.179798,1393.706627,1537.887397,1458.184705,1761.982122,1797.026041
United Scrap Metal,2715.683405,2651.80217,873.1868994,1544.604088,1809.734482,324.4473672,154.3830844,176.0422507,253.1420058,351.5709688,486.2907284,524.874016,2722.467725,650.9235475,495.964306,453.6638343,393.9015584,417.777866,680.4034063,720.221031,662.7629222,791.4097237,811.7023847,2447.439832,855.9199149,778.8508428,869.712722,978.5882453,1128.918683,1079.030352,1110.976568,1006.913257,1214.532765,1250.148787,2424.612091,1335.484478,1307.148049,1243.824204,1338.414367,1537.183967,2354.561059,2236.182429,2022.200431,2118.624123,1871.420055,1640.279704,2718.359704,1690.000532,1766.276597,1560.334052,1426.945213,1491.915014,2060.777042,1888.585548,2342.931017,2247.075356,2017.725571,2494.276967,2378.568065,1823.975453,1288.820888,1531.765963,1546.719001,1489.19815,1277.451495,1101.527578,1018.82682,1237.169012,2571.483742,949.1277299,723.5338773,916.9666905,681.0736825,708.2341319,602.8842826,497.9702303,1695.202496,1446.819956,1309.5234,2678.645848,1114.037347,918.513481,1175.101069,911.7791073,573.4097602,705.4175323,868.8404462,1163.497675,1281.268327,1982.615064,2861.731551,1457.352078,1800.130733,1713.17943,1339.557713,1593.48398,1800.662678,1379.364954,1528.983417,544.3364201,377.0399178,2533.359854,410.8529557,414.237732,482.259315,542.7607699,507.5816357,383.5646527,270.3046489,284.4428268,170.4834553,142.0503414,2785.079703,86.9432611,327.3745282,221.4133659,236.6646163,613.2492169,879.3066919,1095.661601,1077.580888,889.1625619,912.877351,2870.512745,1081.963868,1259.635588,677.3749758,552.1225085,1090.487175,938.3497555,1111.307619,873.0923559,1101.379896,953.5541569
"We Recycle Solar, Inc.",1780.216006,502.7149222,3076.814879,2883.849564,3111.555196,2629.545292,2479.025175,2417.981299,2415.684302,2378.209295,2288.148926,2527.668949,434.2893694,2673.182509,2793.895824,2695.947345,2595.833565,2563.990395,2947.346326,2909.322923,2771.058997,2844.320447,3112.137652,802.722524,3111.240682,3013.477338,3159.769232,3206.243332,3310.377428,3312.531437,3387.229143,3330.437023,3506.830175,3575.574524,409.8422277,3660.723662,3624.008154,3551.303178,3647.3851,3858.401831,1624.415425,1250.730782,1065.731923,1492.618073,1542.479831,1658.726866,1665.930543,1485.661185,1094.366585,1294.660561,1345.38877,1117.803087,628.6109742,801.740705,295.5824758,92.52237426,315.565265,1695.724068,160.4695188,523.3670704,1400.746948,917.1276823,802.2887221,1637.643333,1741.262831,1924.643565,1618.576754,1236.744661,1674.706366,1446.231092,1619.275404,2131.502796,2111.750676,1860.34068,1791.998682,2211.03879,756.6161269,958.8120327,1028.877654,1477.357085,1354.154907,1530.868827,1153.922005,1421.691541,1757.774404,1724.745548,1707.017679,1633.118454,1907.945883,578.7303686,1398.526181,1075.791521,947.1462655,925.5465542,1400.058959,1376.128312,1434.645477,1682.273998,1634.125669,1953.355428,2029.865835,1231.320514,1926.369319,1924.217047,1941.292754,1953.338047,2473.401539,2371.018442,2302.449473,2172.069199,2235.932493,2328.914309,1202.542982,2239.94957,2093.429555,2140.104116,2225.61456,1925.064683,1848.756179,1878.0992,2066.60824,2135.797731,2287.369527,1006.616573,2392.714132,2469.627863,2357.89844,2241.689542,2661.578918,2758.030009,2917.015714,2801.886048,3111.33882,3098.699235
"ZEEP Technology, LLC",3824.407358,3904.207437,615.7049625,1737.523162,1878.854205,985.5122981,1098.216126,1151.080251,1160.903844,1221.245631,1355.225534,1128.317839,3972.307167,1031.189268,775.5473382,886.8663359,991.3809452,1038.022141,643.6095806,745.0145341,908.6437473,917.9907368,461.9724257,3684.031333,516.8276705,619.4078651,427.5691315,499.8504389,557.647516,436.010163,283.7031109,259.429069,171.6255373,197.0960291,3676.833575,181.5416994,55.42388667,74.45570434,104.3267929,438.7801403,3469.894176,3417.592092,3230.222895,3253.380002,2993.91851,2738.590807,3851.27542,2831.447718,2978.80815,2752.328164,2621.196246,2721.107761,3307.711734,3128.696292,3595.219334,3492.914086,3264.88019,3602.88561,3611.680422,3057.682783,2487.646096,2780.78084,2798.438947,2602.686911,2378.639869,2155.330481,2204.004606,2476.569408,3690.460605,2195.099202,1975.694085,1898.91177,1731.630938,1882.463436,1839.996996,1546.601764,2899.421304,2654.949272,2542.823707,3843.353424,2282.992514,2085.31122,2424.875565,2147.192481,1811.241193,1871.967861,1962.033524,2189.609565,2142.350823,3181.51757,4052.721243,2624.716536,2942.547028,2872.742632,2420.88493,2636.295151,2802.099222,2334.102178,2482.086849,1732.491541,1597.488188,3727.588257,1662.536029,1644.530934,1641.992588,1651.831059,1326.941591,1347.946333,1354.274327,1464.302327,1372.153555,1281.781925,3996.795711,1339.352276,1481.778602,1428.598345,1347.937523,1699.3349,1885.363645,2013.434224,1887.144729,1703.374089,1606.314733,4106.856323,1659.860929,1764.054499,1387.046575,1425.245361,1433.012888,1178.019754,1178.605719,1058.321414,894.5019387,691.9933604
