,mat_EOL_ReMFG_VAT,mat_EOL_Recycled_2_HQ,mat_EOL_Recycled_2_OQ,mat_EOL_Recycled_HQ_into_MFG,mat_EOL_Recycled_HQ_into_MFG_notUSED,mat_EOL_Recycled_HQ_into_OU,mat_EOL_Recycled_VAT,mat_EnteringModuleManufacturing_total,mat_EnteringModuleManufacturing_virgin,mat_L0,mat_L1,mat_L2,mat_L3,mat_L4,mat_LostinModuleManufacturing,mat_MFG_Recycled_HQ_into_MFG,mat_MFG_Recycled_HQ_into_OU,mat_MFG_Recycled_into_HQ,mat_MFG_Recycled_into_OQ,mat_MFG_Scrap,mat_MFG_Scrap_Landfilled,mat_MFG_Scrap_Recycled_Losses_Landfilled,mat_MFG_Scrap_Recycled_Successfully,mat_MFG_Scrap_Sentto_Recycling,mat_Manufacturing_Input,mat_PG2_stored,mat_Total_EOL_Landfilled,mat_Total_Landfilled,mat_Total_MFG_Landfilled,mat_Total_Recycled_OU,mat_UsedSuccessfullyinModuleManufacturing,mat_Virgin_Stock,mat_Virgin_Stock_Raw,mat_reMFG,mat_reMFG_2_recycle,mat_reMFG_all_unyields,mat_reMFG_mod_unyield,mat_reMFG_target,mat_reMFG_untarget,mat_reMFG_unyield,mat_reMFG_yield,mat_recycled_PG4,mat_recycled_all,mat_recycled_target,mat_recycled_yield
0,0.0,0.0,0.0,0.0,0.0,0.0,0.0,816326530.6122448,816326530.6122448,0.0,0.0,0.0,0.0,0.0,16326530.612244844,474328.6788399563,4268958.109559607,4743286.788399563,18973147.153598253,59291084.854994535,11858216.970998906,23716433.941997815,23716433.941997815,47432867.88399563,859291084.8549945,0.0,0.0,35574650.912996724,35574650.912996724,23242105.26315786,800000000.0,858816756.1761546,1431361260.293591,0.0,0.0,0.0,0.0,0.0,0.0,0.0,0.0,0.0,0.0,0.0,0.0
1,0.0,8.678725062541305,49.179442021067395,0.6942980050033044,0.0,7.984427057538001,0.6942980050033044,621415180.2667525,621415180.2667525,2276.8260194938607,241.07569618170288,0.0,16.071713078780192,86.78725062541304,12428303.605335116,361074.925797103,3249674.3321739268,3610749.2579710297,14442997.031884119,45134365.724637866,9026873.144927569,18053746.28985515,18053746.28985515,36107492.5797103,654121242.3860552,0.0,2620.7606793797568,27083240.195462096,27080619.434782717,17692728.527927123,608986876.6614174,653760166.7659601,1089600277.9432669,0.0,0.0,0.0,0.0,0.0,0.0,0.0,0.0,160.71713078780192,160.71713078780192,144.64541770902173,57.8581670836087
2,0.0,183.0430198610842,1037.2437792128103,14.643441588886736,0.0,168.39957827219746,14.643441588886736,736595259.2217011,736595259.2217011,48020.545333926406,5084.52832947456,0.0,338.9685552983042,1830.4301986108417,14731905.184434056,428000.6137793465,3852005.524014118,4280006.137793465,17120024.55117386,53500076.72241831,10700015.344483659,21400030.688967325,21400030.688967325,42800061.37793465,775363430.7596854,0.0,55274.47241731011,32155320.505868293,32100046.033450983,20973235.718545463,721863354.0372671,774935415.5024645,1291559025.837441,0.0,0.0,0.0,0.0,0.0,0.0,0.0,0.0,3389.6855529830405,3389.6855529830405,3050.7169976847363,1220.2867990738946
3,0.0,1057.8233087308795,5994.332082808316,84.62586469847037,0.0,973.1974440324091,84.62586469847037,736381535.7689784,736381535.7689784,277515.3742040887,29383.980798079978,0.0,1958.9320532053316,10578.233087308792,14727630.715379596,427876.42920471093,3850887.8628423987,4278764.292047109,17115057.168188438,53484553.65058887,10696910.730117775,21393821.460235547,21393821.460235547,42787642.920471095,775138458.7041876,0.0,319436.5201426828,32410168.710496005,32090732.190353323,20972912.56055768,721653905.0535988,774710497.6491182,1291184162.7485304,0.0,0.0,0.0,0.0,0.0,0.0,0.0,0.0,19589.32053205332,19589.32053205332,17630.388478847988,7052.155391539196
4,0.0,3541.2823755630297,20067.26679485717,283.3025900450424,0.0,3257.9797855179872,283.3025900450424,1041042399.0381651,1041042399.0381651,929040.1293915354,98368.9548767508,0.0,6557.930325116715,35412.82375563029,20820847.980763316,604900.4255463858,5444103.829917472,6049004.255463858,24196017.021855433,75612553.19329822,15122510.638659641,30245021.27731929,30245021.27731929,60490042.55463858,1095834104.2507,0.0,1069379.8383490331,46436911.75432797,45367531.91597893,29663446.098353278,1020221551.0574018,1095228920.5225635,1825381534.2042725,0.0,0.0,0.0,0.0,0.0,0.0,0.0,0.0,65579.3032511672,65579.3032511672,59021.37292605049,23608.5491704202
5,0.0,8782.825774849203,49769.34605747881,702.6260619879363,0.0,8080.1997128612675,702.6260619879363,1272950312.9657226,1272950312.9657226,2304136.3915499444,243967.3826347,0.0,16264.49217564668,87828.257748492,25459006.259314537,739651.1292179775,6656860.162961798,7396511.292179775,29586045.1687191,92456391.15224719,18491278.230449438,36982556.460898876,36982556.460898876,73965112.92179775,1339947697.8586552,0.0,2652196.524108783,58126031.2154571,55473834.691348314,36300754.87745124,1247491306.706408,1339207344.1033754,2232012240.172292,0.0,0.0,0.0,0.0,0.0,0.0,0.0,0.0,162644.9217564667,162644.9217564667,146380.42958082003,58552.171832328015
6,0.0,18112.391654445983,102636.88604186058,1448.9913323556787,0.0,16663.400322090303,1448.9913323556787,1679771908.7635052,1679771908.7635052,4751707.687123175,503121.99040127726,0.0,33541.46602675179,181123.91654445985,33595438.17527008,976035.8880394249,8784322.992354823,9760358.880394248,39041435.52157699,122004486.00492811,24400897.200985625,48801794.40197124,48801794.40197124,97603588.80394249,1768180956.5931633,0.0,5469495.060095664,78672186.66305253,73202691.60295686,47945058.80029577,1646176470.5882351,1767203471.7137916,2945339119.522986,0.0,0.0,0.0,0.0,0.0,0.0,0.0,0.0,335414.6602675182,335414.6602675182,301873.1942407664,120749.27769630656
7,0.0,33013.575714239334,187076.92904735624,2641.0860571391468,0.0,30372.48965710019,2641.0860571391468,2526871024.1223383,2526871024.1223383,8660968.937377604,917043.7698399815,0.0,61136.25132266537,330135.7571423933,50537420.48244667,1468245.0582268715,13214205.524041843,14682450.582268715,58729802.32907486,183530632.27835894,36706126.45567179,73412252.91134357,73412252.91134357,146824505.82268715,2659864235.9182506,0.0,9969284.715682644,120087664.082698,110118379.36701536,72161457.27182116,2476333603.6398916,2658393349.7739663,4430655582.956611,0.0,0.0,0.0,0.0,0.0,0.0,0.0,0.0,611362.5132266543,611362.5132266543,550226.2619039889,220090.50476159557
8,0.0,55099.871711269974,312232.60636386316,4407.989736901598,0.0,50691.88197436838,4407.989736901598,3522815869.0511217,3522815869.0511217,14455213.25758626,1530551.9919797215,0.0,102036.79946531483,550998.7171126995,70456317.38102245,2046941.4312802278,18422472.88152205,20469414.312802278,81877657.25120911,255867678.91002846,51173535.7820057,102347071.56401138,102347071.56401138,204694143.12802276,3708227230.5801277,0.0,16638800.766143996,170159408.11216107,153520607.34601706,100663054.62106939,3452359551.6700993,3706175881.1591105,6176959801.931851,0.0,0.0,0.0,0.0,0.0,0.0,0.0,0.0,1020367.9946531475,1020367.9946531475,918331.1951878327,367332.4780751331
9,0.0,86085.36155296024,487817.048800108,6886.828924236819,0.0,79198.53262872342,6886.828924236819,5538083871.845667,5538083871.845667,22584122.629634634,2391260.043137784,0.0,159417.33620918565,860853.6155296024,110761677.43691349,3217918.2076408463,28961263.86876762,32179182.076408464,128716728.30563386,402239775.9551058,80447955.19102114,160895910.38204232,160895910.38204232,321791820.76408464,5829561970.363859,0.0,25995653.624511205,267339519.19757468,241343865.57306346,158245007.7558303,5427322194.408753,5826337165.327294,9710561942.212158,0.0,0.0,0.0,0.0,0.0,0.0,0.0,0.0,1594173.3620918563,1594173.3620918563,1434756.0258826707,573902.4103530683
10,0.0,2503713.638869168,14187710.620258616,200297.09110953342,0.0,2303416.5477596344,200297.09110953342,5596024972.068812,5596024972.068812,656838454.6416025,69547601.0796991,0.0,4636506.738646604,25037136.388691675,111920499.44137669,3251585.036402092,29264265.32761883,32515850.36402092,130063401.45608369,406448129.5502615,81289625.9100523,162579251.8201046,162579251.8201046,325158503.6402092,5890552602.177697,0.0,756059698.8486398,999928576.5787967,243868877.7301569,175818793.95172077,5484104472.627436,5887100720.050186,9811834533.416975,0.0,0.0,0.0,0.0,0.0,0.0,0.0,0.0,46365067.38646606,46365067.38646606,41728560.64781946,16691424.259127785
11,0.0,1884891.6415028495,10681052.635182813,150791.33132022797,0.0,1734100.3101826215,150791.33132022797,5641637405.237575,5641637405.237575,494493177.5547598,52358101.15285692,0.0,3490540.0768571272,18848916.41502849,112832748.10475159,3278088.2607275164,29502794.346547645,32780882.607275162,131123530.42910066,409761032.5909395,81952206.51818788,163904413.03637582,163904413.03637582,327808826.07275164,5938565689.7237625,0.0,569190735.1995022,815047354.754066,245856619.5545637,173041477.72101372,5528804657.132823,5935136810.131715,9891894683.552858,0.0,0.0,0.0,0.0,0.0,0.0,0.0,0.0,34905400.76857128,34905400.76857128,31414860.691714153,12565944.276685663
12,0.0,33753.76759381613,191271.34969829136,2700.30140750529,0.0,31053.466186310838,2700.30140750529,18466032186.544067,18466032186.544067,8855155.0786246,937604.6553837813,0.0,62506.977025585365,337537.67593816126,369320643.73088074,10729736.596812958,96567629.37131661,107297365.96812958,429189463.8725183,1341217074.6016197,268243414.92032397,536486829.8406479,536486829.8406479,1072973659.6812958,19437928617.414806,0.0,10192804.386972127,814923049.1479439,804730244.7609718,525979418.0597195,18096711542.813187,19427196180.516586,32378660300.860977,0.0,0.0,0.0,0.0,0.0,0.0,0.0,0.0,625069.7702558541,625069.7702558541,562562.7932302688,225025.1172921075
13,0.0,64544.091388950415,365749.85120405233,5163.527311116033,0.0,59380.56407783438,5163.527311116033,17765084800.887924,17765084800.887924,16932863.481669087,1792891.4274708445,0.0,119526.095164723,645440.9138895043,355301696.0177574,10322449.273779083,92902043.46401176,103224492.73779084,412897970.95116335,1290306159.2223854,258061231.84447706,516122463.6889542,516122463.6889542,1032244927.3779083,18700089264.092552,0.0,19490721.91819416,793674417.4516255,774183695.5334313,506225144.830457,17409783104.870167,18689761651.291462,31149602752.15244,0.0,0.0,0.0,0.0,0.0,0.0,0.0,0.0,1195260.95164723,1195260.95164723,1075734.856482507,430293.94259300275
14,0.0,118074.35898122741,669088.0342269554,9445.948718498194,0.0,108628.41026272922,9445.948718498194,24148850388.927036,24148850388.927036,30976297.880877566,3279843.305034095,0.0,218656.2203356065,1180743.589812274,482977007.77854156,14031753.068092346,126285777.61283112,140317530.68092346,561270122.7236938,1753969133.5115433,350793826.70230865,701587653.4046173,701587653.4046173,1403175306.8092346,25419842514.660038,0.0,35655540.996059544,1088037021.1029856,1052381480.106926,688333616.7810147,23665873381.148495,25405801315.643227,42343002192.738716,0.0,0.0,0.0,0.0,0.0,0.0,0.0,0.0,2186562.2033560635,2186562.2033560635,1967905.983020457,787162.3932081828
15,0.0,207721.94857392643,1177091.0419189164,16617.755885914114,0.0,191104.19268801232,16617.755885914114,39974701518.811615,39974701518.811615,54494955.64439428,5770054.127053512,0.0,384670.2751369006,2077219.4857392644,799494030.376236,23227405.51408844,209046649.62679595,232274055.1408844,929096220.5635376,2903425689.261055,580685137.852211,1161370275.704422,1161370275.704422,2322740551.408844,42078633177.696434,0.0,62726899.53232396,1804782313.0889568,1742055413.556633,1139511065.4249406,39175207488.43538,42055389154.42646,70092315257.37743,0.0,0.0,0.0,0.0,0.0,0.0,0.0,0.0,3846702.751369008,3846702.751369008,3462032.4762321073,1384812.9904928429
16,0.0,352225.9796378053,1995947.2179475632,28178.078371024425,0.0,324047.9012667809,28178.078371024425,96303666873.90189,96303666873.90189,92404963.79386869,9784054.989939034,0.0,652270.3326626029,3522259.796378053,1926073337.4780426,55957499.06778297,503617491.6100466,559574990.6778296,2238299962.7113185,6994687383.47287,1398937476.6945734,2797874953.389148,2797874953.389148,5595749906.778296,101372280919.89671,0.0,106363548.91284837,4303175978.99657,4196812430.0837216,2744237449.4405794,94377593536.42384,101316295242.75056,168860492071.25095,0.0,0.0,0.0,0.0,0.0,0.0,0.0,0.0,6522703.326626024,6522703.326626024,5870432.993963421,2348173.1975853685
17,0.0,2575106.4168407326,14592269.695430819,206008.51334725862,0.0,2369097.903493474,206008.51334725862,164050034657.3019,164050034657.3019,675568041.4551306,71530733.80113146,0.0,4768715.586742096,25751064.168407325,3281000693.146057,95321704.34824294,857895339.1341865,953217043.4824294,3812868173.929717,11915213043.530365,2383042608.706072,4766085217.412147,4766085217.412147,9532170434.824293,172684247007.68622,0.0,777618555.0114114,7926746381.12963,7149127826.118218,4687724880.6628275,160769033964.15585,172588719294.82465,287647865491.3744,0.0,0.0,0.0,0.0,0.0,0.0,0.0,0.0,47687155.86742097,47687155.86742097,42918440.280678876,17167376.11227155
18,0.0,2755940.3993372484,15616995.596244404,220475.23194697988,0.0,2535465.1673902683,220475.23194697988,210112147717.34692,210112147717.34692,723009055.3816854,76553899.9815902,0.0,5103593.332106017,27559403.993372474,4202242954.346924,122086216.35786866,1098775947.2208178,1220862163.5786865,4883448654.314746,15260777044.733582,3052155408.9467163,6104310817.893433,6104310817.893433,12208621635.786865,221170681807.73358,0.0,832225952.688754,9988692179.528902,9156466226.840149,6000377062.299198,205909904763.0,221048375116.14377,368413958526.90625,0.0,0.0,0.0,0.0,0.0,0.0,0.0,0.0,51035933.32106014,51035933.32106014,45932339.98895413,18372935.995581653
19,0.0,3865193.7641661293,21902764.663608067,309215.50113329035,0.0,3555978.2630328387,309215.50113329035,193233277008.0099,193233277008.0099,1014016882.5744474,107366493.44905913,0.0,7157766.229937278,38651937.64166129,3864665540.160187,108860158.74468042,979741428.7021239,1088601587.4468043,4354406349.787217,13607519843.085052,2721503968.61701,5443007937.234021,5443007937.234021,10886015874.468042,202976131310.93475,0.0,1167193079.8951054,9331704985.746136,8164511905.851031,5359606521.415981,189368611467.8497,202866961936.68893,338111603227.8149,0.0,0.0,0.0,0.0,0.0,0.0,0.0,0.0,71577662.29937276,71577662.29937276,64419896.069435485,25767958.427774195
20,0.0,1395793.0838841638,7909494.142010261,111663.4467107331,0.0,1284129.6371734308,111663.4467107331,337436267885.73596,337436267885.73596,366180284.35232687,38772030.10789344,0.0,2584802.007192895,13957930.838841636,6748725357.714722,181190909.0804243,1630718181.7238188,1811909090.804243,7247636363.216972,22648863635.05304,4529772727.010609,9059545454.021215,9059545454.021215,18119090908.04243,353336406163.0743,0.0,421495047.30625486,14010813228.33808,13589318181.031824,8887548168.719975,330687542528.02124,353155103590.5471,588591839317.5785,0.0,0.0,0.0,0.0,0.0,0.0,0.0,0.0,25848020.071928956,25848020.071928956,23263218.06473606,9305287.225894425
21,0.0,2123297.6487805196,12032020.009756278,169863.81190244158,0.0,1953433.836878078,169863.81190244158,613589536435.164,613589536435.164,557037963.4146425,58980490.243903324,0.0,3932032.682926886,21232976.487805195,12271790728.703247,318733156.063373,2868598404.5703573,3187331560.6337304,12749326242.534924,39841644507.92163,7968328901.584324,15936657803.168653,15936657803.168653,31873315606.337307,641159390214.3823,0.0,641183462.8292779,24546170167.582253,23904986704.752975,15631910100.951916,601317745706.4607,640840487194.5071,1068067478657.5118,0.0,0.0,0.0,0.0,0.0,0.0,0.0,0.0,39320326.82926888,39320326.82926888,35388294.146341994,14155317.658536797
22,0.0,3106191.805219167,17601753.562908612,248495.34441753337,0.0,2857696.4608016335,248495.34441753337,467607001013.4685,467607001013.4685,814895998.2828059,86283105.70053239,0.0,5752207.046702154,31061918.052191667,9352140020.269348,234749441.67666698,2112744975.0900028,2347494416.7666698,9389977667.066679,29343680209.583374,5868736041.916676,11737472083.83335,11737472083.83335,23474944167.6667,487598541202.78253,0.0,937993229.0822321,18544201354.832256,17606208125.750023,11523182092.180391,458254860993.19916,487363543265.7614,812272572109.6023,0.0,0.0,0.0,0.0,0.0,0.0,0.0,0.0,57522070.4670216,57522070.4670216,51769863.420319445,20707945.36812778
23,0.0,4380847.695847853,24824803.609804504,350467.81566782825,0.0,4030379.880180025,350467.81566782825,433091303073.5204,433091303073.5204,1149296463.4168751,121690213.7735515,0.0,8112680.918236762,43808476.95847853,8661826061.470398,206155061.85387307,1855395556.6848576,2061550618.5387306,8246202474.1549225,25769382731.73413,5153876546.346825,10307753092.693653,10307753092.693653,20615506185.387306,450198859743.7841,0.0,1322907835.0671418,16784537474.10762,15461629639.040478,10130453214.329765,424429477012.05,449992354214.11456,749987257023.5242,0.0,0.0,0.0,0.0,0.0,0.0,0.0,0.0,81126809.18236765,81126809.18236765,73014128.26413089,29205651.305652358
24,0.0,5968012.1671482865,33818735.61384029,477440.9733718629,0.0,5490571.193776423,477440.9733718629,500904822978.05054,500904822978.05054,1565682204.3444579,165778115.75411904,0.0,11051874.383607939,59680121.67148286,10018096459.560974,229792685.59524122,2068134170.3571708,2297926855.952412,9191707423.809649,28724085699.40515,5744817139.881031,11489634279.76206,11489634279.76206,22979268559.52412,519610812217.8947,0.0,1802192316.1536677,19036643735.796757,17234451419.64309,11299150900.974436,490886726518.48956,519380542091.3261,865634236818.8768,0.0,0.0,0.0,0.0,0.0,0.0,0.0,0.0,110518743.83607937,110518743.83607937,99466869.45247144,39786747.780988574
25,0.0,9419792.639067166,53378824.95471393,753583.4111253732,0.0,8666209.227941792,753583.4111253732,682494730331.6327,682494730331.6327,2471241896.0515714,261660906.64075455,0.0,17444060.442716986,94197926.39067166,13649894606.63269,301371586.0975791,2712344274.878212,3013715860.975791,12054863443.903164,37671448262.19739,7534289652.439476,15068579304.878956,15068579304.878956,30137158609.75791,706516283987.1974,0.0,2844544789.525715,25447413746.844147,22602868957.31843,14829252752.964031,668844835725.0,706214158817.6887,1177023598029.4812,0.0,0.0,0.0,0.0,0.0,0.0,0.0,0.0,174440604.42716974,174440604.42716974,156996543.98445275,62798617.5937811
26,0.0,11655589.261370061,66048339.14776367,932447.1409096048,0.0,10723142.120460456,932447.1409096048,745938319897.9592,745938319897.9592,3057793479.0631323,323766368.37139046,0.0,21584424.558092684,116555892.6137006,14918766397.959229,310261073.7375371,2792349663.637834,3102610737.375371,12410442949.501484,38782634217.19214,7756526843.438427,15513053686.876856,15513053686.876856,31026107373.75371,769802187717.1921,0.0,3519700164.6063156,26789280694.9216,23269580530.315285,15279564094.407543,731019553500.0,769490994196.3137,1282484990327.1897,0.0,0.0,0.0,0.0,0.0,0.0,0.0,0.0,215844245.580927,215844245.580927,194259821.02283433,77703928.40913373
27,0.0,14607023.736811865,82773134.50860056,1168561.8989449493,0.0,13438461.837866915,1168561.8989449493,708893169528.0009,708893169528.0009,3832089560.583358,405750659.3558849,0.0,27050043.957058966,146070237.36811864,14177863390.560059,282798000.1527979,2545182001.3751807,2827980001.5279784,11311920006.111914,35349750019.09973,7069950003.819946,14139900007.639893,14139900007.639893,28279800015.279785,730065056156.5405,0.0,4410960501.2644205,25620810512.72426,21209850011.45984,13953313603.833563,694715306137.4408,729781089594.4888,1216301815990.8147,0.0,0.0,0.0,0.0,0.0,0.0,0.0,0.0,270500439.57059,270500439.57059,243450395.61353105,97380158.24541242
28,0.0,17807540.844575245,100909398.11925973,1424603.2675660197,0.0,16382937.577009225,1424603.2675660197,695996257604.6006,695996257604.6006,4671731394.410172,494653912.3493123,0.0,32976927.489954174,178075408.44575247,13919925152.092041,259991045.55118847,2339919409.960696,2599910455.5118847,10399641822.047539,32498880693.89856,6499776138.779713,12999552277.559423,12999552277.559423,25999104555.118847,714575213146.4071,0.0,5377437642.695191,24876766059.034325,19499328416.339134,12856853567.704502,682076332452.5085,714313797497.5884,1190522995829.314,0.0,0.0,0.0,0.0,0.0,0.0,0.0,0.0,329769274.8995416,329769274.8995416,296792347.40958744,118716938.96383497
29,0.0,22383347.04763879,126838966.60328646,1790667.763811103,0.0,20592679.283827685,1790667.763811103,762669161166.625,762669161166.625,5872174379.781778,621759640.2121884,0.0,41450642.68081254,223833470.47638783,15253383223.33252,272060343.39321,2448543090.53889,2720603433.9321,10882413735.728397,34007542924.151245,6801508584.83025,13603017169.660498,13603017169.660498,27206034339.320995,781423320867.4437,0.0,6759218133.151168,27163743887.641914,20404525754.490746,13478388472.1544,747415777943.2925,781149469856.2867,1301915783093.8113,0.0,0.0,0.0,0.0,0.0,0.0,0.0,0.0,414506426.8081256,414506426.8081256,373055784.1273131,149222313.65092525
30,0.0,24944355.856885903,141351349.85568675,1995548.4685508723,0.0,22948807.38833503,1995548.4685508723,817705016075.896,817705016075.896,6544043974.800311,692898773.8023858,0.0,46193251.58682567,249443558.56885895,16354100321.517944,277986261.4978672,2501876353.480805,2779862614.978672,11119450459.914688,34748282687.2334,6949656537.446678,13899313074.89336,13899313074.89336,27798626149.78672,836099198441.6115,0.0,7532579558.758382,28381549171.09842,20848969612.34004,13785626970.639515,801350915754.378,835819216631.645,1393032027719.4084,0.0,0.0,0.0,0.0,0.0,0.0,0.0,0.0,461932515.8682573,461932515.8682573,415739264.2814316,166295705.71257266
31,0.0,30216811.80366665,171228600.2207777,2417344.9442933323,0.0,27799466.85937332,2417344.9442933323,878167238820.6364,878167238820.6364,7927250010.2211895,839355883.4351847,0.0,55957058.895679,302168118.0366665,17563344776.41272,276573445.57188964,2489161010.147007,2765734455.7188964,11062937822.875586,34571680696.486206,6914336139.297241,13828672278.594482,13828672278.594482,27657344557.188965,895175574740.7098,0.0,9124731070.58872,29867739488.480446,20743008417.891724,13751126900.102743,860603894044.2236,894896583950.1936,1491494306583.656,0.0,0.0,0.0,0.0,0.0,0.0,0.0,0.0,559570588.9567899,559570588.9567899,503613530.06111085,201445412.02444434
32,0.0,26141362.9646758,148134390.13316286,2091309.037174064,0.0,24050053.927501734,2091309.037174064,958295697193.5465,958295697193.5465,6858073617.276058,726148971.2409943,0.0,48409931.41606629,261413629.646758,19165913943.87085,285909422.2511934,2573184800.2607403,2859094222.511934,11436376890.047733,35738677781.39917,7147735556.279835,14295471112.559668,14295471112.559668,28590942225.119335,974868461031.0748,0.0,7894046149.579877,29337252818.419376,21443206668.8395,14181746134.369139,939129783249.6757,974580460299.7864,1624300767166.3108,0.0,0.0,0.0,0.0,0.0,0.0,0.0,0.0,484099314.16066295,484099314.16066295,435689382.74459666,174275753.09783867
33,0.0,58256672.71517788,330121145.38600796,4660533.81721423,0.0,53596138.89796365,4660533.81721423,1046489877264.0676,1046489877264.0676,15283386360.463333,1618240908.7549405,0.0,107882727.25032938,582566727.1517787,20929797545.281372,294929532.9223408,2654365796.3010674,2949295329.223408,11797181316.893633,36866191615.2926,7373238323.058521,14746476646.11704,14746476646.11704,29492953292.23408,1062426271334.0789,0.0,17592076723.62038,39711791692.795944,22119714969.17556,14835264397.478672,1025560079718.7863,1062126681267.3392,1770211135445.5654,0.0,0.0,0.0,0.0,0.0,0.0,0.0,0.0,1078827272.503294,1078827272.503294,970944545.2529646,388377818.10118586
34,0.0,67822605.44653277,384328097.53035235,5425808.435722622,0.0,62396797.01081015,5425808.435722622,1143387369669.2878,1143387369669.2878,17792967478.257057,1883961262.4036877,0.0,125597417.49357915,678226054.4653277,22867747393.385742,294040347.0501739,2646363123.451565,2940403470.5017385,11761613882.006954,36755043381.27173,7351008676.254345,14702017352.508692,14702017352.508692,29404034705.017384,1157274665657.1738,0.0,20480752212.61965,42533778241.38269,22053026028.76304,14854701899.999681,1120519622275.902,1156975199501.6877,1928291999169.4797,0.0,0.0,0.0,0.0,0.0,0.0,0.0,0.0,1255974174.935792,1255974174.935792,1130376757.4422128,452150702.97688514
35,0.0,105118983.77907985,595674241.4147859,8409518.702326389,0.0,96709465.07675347,8409518.702326389,1231936903999.7002,1231936903999.7002,27577511176.610462,2919971771.6411076,0.0,194664784.77607393,1051189837.7907989,24638738079.993896,296660361.5288164,2669943253.759348,2966603615.288164,11866414461.152657,37082545191.10205,7416509038.220409,14833018076.44082,14833018076.44082,29666036152.88164,1244380711110.8083,0.0,31743337570.818443,53992864685.479675,22249527114.661232,15228741421.403543,1207298165919.7063,1244075641230.5771,2073459402050.962,0.0,0.0,0.0,0.0,0.0,0.0,0.0,0.0,1946647847.7607386,1946647847.7607386,1751983062.9846647,700793225.1938658
36,0.0,60325906.99291897,341846806.29320747,4826072.559433518,0.0,55499834.43348545,4826072.559433518,1327992854310.1575,1327992854310.1575,15826241032.092937,1675719638.692193,0.0,111714642.57947946,603259069.9291897,26559857086.203125,319791410.5732734,2878122695.159461,3197914105.732734,12791656422.930937,39973926321.65918,7994785264.331837,15989570528.663671,15989570528.663671,31979141057.327343,1341406923545.6135,0.0,18216934383.2938,42201290176.28931,23984355792.995506,16067125758.81709,1301432997223.9543,1341082306062.481,2235137176770.802,0.0,0.0,0.0,0.0,0.0,0.0,0.0,0.0,1117146425.7947955,1117146425.7947955,1005431783.215316,402172713.28612643
37,0.0,176210286.22348705,998524955.2664267,14096822.897878964,0.0,162113463.32560807,14096822.897878964,1438679585082.554,1438679585082.554,46228007188.26049,4894730172.87464,0.0,326315344.85830927,1762102862.2348707,28773591701.651123,346445669.7814961,3118011028.033465,3464456697.814961,13857826791.259846,43305708722.68701,8661141744.5374,17322283489.074806,17322283489.074806,34644566978.14961,1453211702103.5898,0.0,53211155568.22831,79194580801.84052,25983425233.612206,18136476237.885345,1409905993380.9028,1452851159610.9104,2421418599351.517,0.0,0.0,0.0,0.0,0.0,0.0,0.0,0.0,3263153448.5830936,3263153448.5830936,2936838103.7247844,1174735241.4899137
38,0.0,100345233.95736617,568622992.4250748,8027618.716589293,0.0,92317615.24077688,8027618.716589293,1559193287364.3945,1559193287364.3945,26325138538.19791,2787367609.9268374,0.0,185824507.32845592,1003452339.5736616,31183865747.28784,375466343.1390625,3379197088.2515626,3754663431.390625,15018653725.5625,46933292892.38281,9386658578.476562,18773317156.953125,18773317156.953125,37546634313.90625,1574942714509.4895,0.0,30301782995.026867,58461758730.45656,28159975735.429688,19058791421.479916,1528009421617.1067,1574559220547.6338,2624265367579.3896,0.0,0.0,0.0,0.0,0.0,0.0,0.0,0.0,1858245073.2845585,1858245073.2845585,1672420565.9561026,668968226.382441
39,0.0,337737760.5416847,1913847309.7362132,27019020.843334775,0.0,310718739.6983499,27019020.843334775,1690363968040.58,1690363968040.58,88604042117.41727,9381604459.49124,0.0,625440297.2994156,3377377605.416847,33807279360.811523,407053303.0109844,3663479727.09886,4070533030.109844,16282132120.439377,50881662876.37305,10176332575.274605,20352665150.54922,20352665150.54922,40705330301.09844,1707438351556.1416,0.0,101988464479.62476,132517462205.44858,30528997725.823826,22170177896.9728,1656556688679.7686,1707004279232.2874,2845007132053.8125,0.0,0.0,0.0,0.0,0.0,0.0,0.0,0.0,6254402972.994161,6254402972.994161,5628962675.694745,2251585070.277898
40,0.0,496648043.3872343,2814338912.527661,39731843.470978744,0.0,456916199.91625553,39731843.470978744,1833100345765.94,1833100345765.94,130293468172.5769,13795778982.97873,0.0,919718598.8652487,4966480433.872343,36662006915.31885,441425376.1925254,3972828385.7327285,4414253761.925254,17657015047.701015,55178172024.065674,11035634404.813133,22071268809.62627,22071268809.62627,44142537619.25254,1851616510874.6868,0.0,149975446188.2932,183082349402.7326,33106903214.439404,24901098545.87766,1796438338850.621,1851135353655.0232,3085225589425.0386,0.0,0.0,0.0,0.0,0.0,0.0,0.0,0.0,9197185988.652487,9197185988.652487,8277467389.787238,3310986955.914895
41,0.0,150244968.04647633,851388152.2633657,12019597.443718107,0.0,138225370.60275823,12019597.443718107,1988395346237.567,1988395346237.567,39416118160.34101,4173471334.624342,0.0,278231422.3082895,1502449680.4647632,39767906924.75122,478821667.21518755,4309395004.936687,4788216672.1518755,19152866688.607502,59852708401.89844,11970541680.379684,23941083360.759377,23941083360.759377,47882166721.51875,2008480147714.714,0.0,45370270597.7384,81281895638.87747,35911625041.13906,24451875216.410313,1948627439312.8157,2007989306450.0554,3346648844083.4253,0.0,0.0,0.0,0.0,0.0,0.0,0.0,0.0,2782314223.082895,2782314223.082895,2504082800.7746053,1001633120.3098421
42,0.0,733346519.2934949,4155630275.9964705,58667721.5434796,0.0,674678797.7500154,58667721.5434796,2157332493860.4731,2157332493860.4731,192390290555.39212,20370736647.04152,0.0,1358049109.8027687,7333465192.934947,43146649877.20947,519503097.5114511,4675527877.603061,5195030975.1145115,20780123900.458046,64937887188.9314,12987577437.786278,25975154875.57256,25975154875.57256,51950309751.14512,2179123731172.195,0.0,221452541505.17136,260415273818.5302,38962732313.35884,30285960851.807594,2114185843983.2637,2178545560353.1401,3630909267255.2334,0.0,0.0,0.0,0.0,0.0,0.0,0.0,0.0,13580491098.027681,13580491098.027681,12222441988.224913,4888976795.289966
43,0.0,221844789.79472828,1257120475.5034602,17747583.183578264,0.0,204097206.61115003,17747583.183578264,2341093145803.204,2341093145803.204,58200022014.04907,6162355272.075784,0.0,410823684.8050518,2218447897.947283,46821862916.063965,563754147.4338204,5073787326.904383,5637541474.338203,22550165897.352814,70469268429.22754,14093853685.845505,28187707371.691017,28187707371.691017,56375414743.382034,2364740551316.3677,0.0,66991648868.87719,109273209926.41371,42281561057.53652,29085170906.371803,2294271282887.14,2364159049585.7505,3940265082642.9175,0.0,0.0,0.0,0.0,0.0,0.0,0.0,0.0,4108236848.0505233,4108236848.0505233,3697413163.2454715,1478965265.2981884
44,0.0,287597736.8368086,1629720508.7419152,23007818.94694469,0.0,264589917.88986394,23007818.94694469,2540964557912.51,2540964557912.51,75450023552.86644,7988826023.244682,0.0,532588401.5496454,2875977368.368086,50819291158.25049,611884798.5922656,5506963187.330391,6118847985.922656,24475391943.690624,76485599824.0332,15297119964.80664,30594239929.61328,30594239929.61328,61188479859.22656,2566630866578.2925,0.0,86847415346.02885,132738775240.44878,45891359894.41992,31876665557.652794,2490145266754.2593,2565995973960.7534,4276659956601.256,0.0,0.0,0.0,0.0,0.0,0.0,0.0,0.0,5325884015.496455,5325884015.496455,4793295613.94681,1917318245.578724
45,0.0,774533054.1881423,4389020640.399473,61962644.33505139,0.0,712570409.8530909,61962644.33505139,2758348799444.008,2758348799444.008,203195400018.4941,21514807060.781727,0.0,1434320470.7187824,7745330541.881423,55166975988.87988,664232680.5933828,5978094125.3404455,6642326805.933828,26569307223.735313,83029085074.17285,16605817014.834572,33211634029.66914,33211634029.66914,66423268059.33828,2786210908529.301,0.0,233889858091.87604,283707309136.37976,49817451044.50371,37648992399.32832,2703181823455.128,2785484713204.3726,4642474522007.287,0.0,0.0,0.0,0.0,0.0,0.0,0.0,0.0,14343204707.18782,14343204707.18782,12908884236.469038,5163553694.587615
46,0.0,402294112.08604777,2279666635.1542706,32183528.966883823,0.0,370110583.11916393,32183528.966883823,2994772541749.046,2994772541749.046,105540121997.8829,11174836446.83466,0.0,744989096.4556446,4022941120.8604774,59895450834.98096,721165428.2353281,6490488854.117953,7211654282.353281,28846617129.413124,90145678529.41602,18029135705.88321,36058271411.7664,36058271411.7664,72116542823.5328,3025022769443.481,0.0,121482888662.03368,175570295779.6833,54087407117.64961,37986883201.80451,2934877090914.065,3024269420486.279,5040449034143.798,0.0,0.0,0.0,0.0,0.0,0.0,0.0,0.0,7449890964.55644,7449890964.55644,6704901868.100796,2681960747.2403183
47,0.0,491689313.5870858,2786239443.660153,39335145.086966865,0.0,452354168.5001189,39335145.086966865,3251897791591.4204,3251897791591.4204,128992566836.11816,13658036488.530159,0.0,910535765.90201,4916893135.870859,65037955831.82861,783083266.177168,7047749395.594512,7830832661.77168,31323330647.08672,97885408272.146,19577081654.4292,39154163308.8584,39154163308.8584,78308326617.7168,3284745244031.738,0.0,148478032226.42117,207209277189.70877,58731244963.2876,41609673654.84151,3186859835759.592,3283922825620.4736,5473204709367.456,0.0,0.0,0.0,0.0,0.0,0.0,0.0,0.0,9105357659.020107,9105357659.020107,8194821893.118097,3277928757.2472386
48,0.0,1121439262.4704537,6354822487.332571,89715140.9976363,0.0,1031724121.4728174,89715140.9976363,3531533623348.268,3531533623348.268,294204744783.9152,31151090624.179256,0.0,2076739374.945282,11214392624.704536,70630672466.96533,850421834.1477033,7653796507.329329,8504218341.477032,34016873365.908123,106302729268.46289,21260545853.69258,42521091707.385155,42521091707.385155,85042183414.77031,3567205680149.7656,0.0,338646967407.7443,402428604968.8221,63781637561.077736,49057216482.04284,3460902950881.3027,3566265543174.6206,5943775905291.034,0.0,0.0,0.0,0.0,0.0,0.0,0.0,0.0,20767393749.452843,20767393749.452843,18690654374.50756,7476261749.803025
49,0.0,1555000154.8973985,8811667544.41859,124400012.39179188,0.0,1430600142.5056067,124400012.39179188,3835648976113.6504,3835648976113.6504,407947571500.8606,43194448747.14995,0.0,2879629916.4766655,15550001548.973982,76712979522.27295,923655268.5914062,8312897417.322657,9236552685.914062,36946210743.65625,115456908573.92578,23091381714.785156,46182763429.57031,46182763429.57031,92365526859.14062,3874392905165.303,0.0,469571651713.46124,538845796857.8167,69274145144.35547,55501375847.9031,3758935996591.3774,3873344849884.3203,6455574749807.2,0.0,0.0,0.0,0.0,0.0,0.0,0.0,0.0,28796299164.766636,28796299164.766636,25916669248.28997,10366667699.315989
50,0.0,489552347.4180819,2774129968.702464,39164187.79344655,0.0,450388159.62463534,39164187.79344655,4166386622062.8867,4166386622062.8867,128431942995.4844,13598676317.168938,0.0,906578421.1445951,4895523474.180819,83327732441.25781,1003299566.363426,9029696097.270832,10032995663.634258,40131982654.53703,125412445795.42822,25082489159.085648,50164978318.17129,50164978318.17129,100329956636.34258,4208471335417.057,0.0,147832721207.97876,223080188685.2357,75247467477.25693,52386196880.134964,4083058889621.629,4207428871662.9004,7012381452771.501,0.0,0.0,0.0,0.0,0.0,0.0,0.0,0.0,9065784211.44596,9065784211.44596,8159205790.301364,3263682316.120546
51,0.0,1177409508.790873,6671987216.481613,94192760.70326984,0.0,1083216748.087603,94192760.70326984,4526078380481.666,4526078380481.666,308888297059.3339,32705819688.63536,0.0,2180387979.242359,11774095087.90873,90521567609.63379,1089916248.3907423,9809246235.516682,10899162483.907423,43596649935.629684,136239531048.84277,27247906209.768555,54495812419.53711,54495812419.53711,108991624839.07422,4571796343920.875,0.0,355548599815.1204,437292318444.4261,81743718629.30566,61161100135.715576,4435556812872.032,4570612234911.781,7617687058186.302,0.0,0.0,0.0,0.0,0.0,0.0,0.0,0.0,21803879792.423576,21803879792.423576,19623491813.181217,7849396725.272487
52,0.0,516444716.93594295,2926520062.6370096,41315577.35487544,0.0,475129139.5810675,41315577.35487544,4917261711398.997,4917261711398.997,135487039936.89857,14345686581.553967,0.0,956379105.4369297,5164447169.35943,98345234227.98047,1184116355.5530546,10657047199.977491,11841163555.530546,47364654222.122185,148014544444.13184,29602908888.82637,59205817777.65273,59205817777.65273,118411635555.30547,4966931021615.148,0.0,155953552793.2489,244762279459.728,88808726666.4791,61423350624.31776,4818916477171.017,4965705589682.241,8276175982803.735,0.0,0.0,0.0,0.0,0.0,0.0,0.0,0.0,9563791054.369312,9563791054.369312,8607411948.932383,3442964779.5729527
53,0.0,1038284407.3236276,5883611641.500557,83062752.5858902,0.0,955221654.7377374,83062752.5858902,5342697741550.643,5342697741550.643,272389427847.2481,28841233536.76744,0.0,1922748902.4511642,10382844073.236279,106853954831.0127,1286564789.4804766,11579083105.32429,12865647894.804766,51462591579.21906,160820598685.05957,32164119737.011917,64328239474.02383,64328239474.02383,128656478948.04765,5396664385404.689,0.0,313536254359.703,410028613570.7388,96492359211.03574,69880507980.78165,5235843786719.63,5395294757862.623,8992157929771.04,0.0,0.0,0.0,0.0,0.0,0.0,0.0,0.0,19227489024.511627,19227489024.511627,17304740122.060463,6921896048.824184
54,0.0,1078249114.2833169,6110078314.272129,86259929.14266536,0.0,991989185.1406515,86259929.14266536,5805390972796.678,5805390972796.678,282873996031.11707,29951364285.64769,0.0,1996757619.0431786,10782491142.833168,116107819455.93457,1397985058.4997346,12581865526.49761,13979850584.997345,55919402339.98938,174748132312.4668,34949626462.49335,69899252924.98672,69899252924.98672,139798505849.97345,5864031285653.21,0.0,325604609078.6411,430453488466.1212,104848879387.48007,75603335365.89977,5689283153340.743,5862547040665.567,9770911734442.613,0.0,0.0,0.0,0.0,0.0,0.0,0.0,0.0,19967576190.431793,19967576190.431793,17970818571.388615,7188327428.555446
55,0.0,2137482740.4001138,12112402195.600645,170998619.2320091,0.0,1966484121.1681046,170998619.2320091,6308610643637.039,6308610643637.039,560759360907.4373,59374520566.66983,0.0,3958301371.1113205,21374827404.00114,126172212872.74023,1519164421.6596644,13672479794.936977,15191644216.596642,60766576866.38656,189895552707.458,37979110541.49161,75958221082.9832,75958221082.9832,151916442165.9664,6372333983471.757,0.0,645467010249.2195,759404341873.6943,113937331624.47481,88517942978.09229,6182438430764.299,6370643820430.865,10617739700718.107,0.0,0.0,0.0,0.0,0.0,0.0,0.0,0.0,39583013711.11322,39583013711.11322,35624712340.0019,14249884936.00076
